SMILES,REWARD
O=[N+]([O-])c1ccc(C2(c3ccc(S(=O)(=O)Nc4ccccc4)cc3)CCCCC2)cc1,7.81
Cc1ccc(S(=O)(=O)c2ccc([N+](=O)[O-])cc2[N+](=O)[O-])cc1,7.03
O=[N+]([O-])c1ccc(S(=O)(=O)Nc2ccccc2S(=O)c2ccc(C3=NCCN3)cc2)c([N+](=O)[O-])c1,5.99
CC(=Cc1cc(C=Cc2ccc(S(=O)(=O)O)cc2)cc([N+](=O)[O-])c1)[N+](=O)[O-],7.2
Cc1c(OCC(=O)Nc2cc(C=C[N+](=O)[O-])ccc2[N+](=O)[O-])ccc2c3c(c(=O)oc12)CCC3,6.27
O=[N+]([O-])c1ccc(NS(=O)(=O)c2cccc3ccccc23)c([N+](=O)[O-])c1,6.73
Cc1ccc(S(=O)(=O)c2ccc([N+](=O)[O-])cc2[N+](=O)[O-])cc1,6.29
O=C1/C(=C/c2ccccc2-c2ccc(S(=O)(=O)c3ccc([N+](=O)[O-])cc3[N+](=O)[O-])cc2)SC(=S)N1Cc1cccnc1,7.84
Cc1ccccc1Cn1nnc2c(=O)n(CC(=O)Nc3cc(C=C[N+](=O)[O-])cc(C=C[N+](=O)[O-])c3)cnc21,7.34
O=C(c1cccc(C=C[N+](=O)[O-])c1)N1CCn2nc(CNS(=O)(=O)c3ccc(C=C[N+](=O)[O-])cc3[N+](=O)[O-])cc2C1,6.39
O=[N+]([O-])c1ccc(S(=O)(=O)Nc2ccc(Sc3ccc(Cl)cc3[N+](=O)[O-])cc2S(=O)(=O)O)c([N+](=O)[O-])c1,8.27
Nc1c(OS(=O)(=O)c2ccc(C=C[N+](=O)[O-])cc2)cccc1OS(=O)(=O)c1ccc([N+](=O)[O-])cc1,5.18
O=Nc1cccc(S(=O)Nc2ccc(C(Cl)=NNc3cc([N+](=O)[O-])cc(S(=O)(=O)Oc4ccc(C(=O)O)cc4)c3)cc2)c1,8.17
Cc1nc(Nc2ncc3c(n2)C[C@H](c2ccccc2)CC3=O)nc2ccc([N+](=O)[O-])cc12,7.7
O=C1c2ccccc2C(=O)N1OS(=O)(=O)c1ccc([N+](=O)[O-])cc1[N+](=O)[O-],6.66
CSC1=NC(C)(C)Cc2ccc(C=C[N+](=O)[O-])cc21,5.73
O=[N+]([O-])c1ccc(S(=O)(=O)N=C(NS(=O)(=O)c2ccccc2)c2ccccc2)c([N+](=O)[O-])c1,7.25
O=C(Nc1cccc(NS(=O)(=O)c2ccc([N+](=O)[O-])cc2[N+](=O)[O-])c1)c1cc([N+](=O)[O-])cc([N+](=O)[O-])c1,6.64
O=[N+]([O-])C=Cc1ccc(NS(=O)(=O)c2ccc([N+](=O)[O-])cc2[N+](=O)[O-])c([N+](=O)[O-])c1,6.21
C#CCN(C(=O)c1ccccc1S(=O)(=O)Nc1ccc(C=C[N+](=O)[O-])cc1[N+](=O)[O-])c1nc2ccccc2s1,5.9
CC(=Cc1ccc(S(=O)(=O)NCCSc2nnc(-c3c[nH]c4ccccc34)n2C2CC2)c([N+](=O)[O-])c1)[N+](=O)[O-],6.23
O=C1COc2ccc(NC(=O)c3cc(=O)c4ccccc4o3)cc2N1,6.0
O=[N+]([O-])c1ccc(S(=O)(=O)c2ccc([N+](=O)[O-])cc2[N+](=O)[O-])c([N+](=O)[O-])c1,7.41
CC(=Cc1cc(-c2cc(Br)cc(N=O)c2)cc([N+](=O)[O-])c1)[N+](=O)[O-],8.12
O=[N+]([O-])c1ccc(S(=O)(=O)Nc2ccc([N+](=O)[O-])c3ccccc23)c([N+](=O)[O-])c1,6.97
O=[N+]([O-])c1ccc(Sc2ccc([N+](=O)[O-])cc2[N+](=O)[O-])c([N+](=O)[O-])c1,6.95
O=C(Nc1cccc2c(Oc3ccc([N+](=O)[O-])cc3[N+](=O)[O-])cccc12)c1cc([N+](=O)[O-])cc([N+](=O)[O-])c1,7.58
Cc1ccccc1S(=O)(=O)Oc1cccc(C=Cc2cc(Br)cc(C(=O)c3cc([N+](=O)[O-])cc([N+](=O)[O-])c3)c2)c1,7.33
CC(=Cc1cc(C=C[N+](=O)[O-])cc(C(=O)ON=C(Cl)c2ccc(S(=O)(=O)C3CC3(Cl)Cl)cc2)c1)[N+](=O)[O-],8.74
O=c1cc(Cc2ccc([N+](=O)[O-])cc2)nc2ccccn12,5.63
O=[N+]([O-])c1cc(C=NN=Cc2cc([N+](=O)[O-])cc([N+](=O)[O-])c2)cc([N+](=O)[O-])c1,6.05
O=[N+]([O-])c1cccc([N+](=O)[O-])c1S(=O)(=O)c1cccc(S(=O)(=O)Oc2cccc3ncccc23)c1,6.55
Cc1ccccc1C[C@]1(C2CCN(S(=O)(=O)c3ccc([N+](=O)[O-])cc3[N+](=O)[O-])CC2)NC(=O)NC1=O,6.81
CN(c1ccccc1)S(=O)(=O)c1c([N+](=O)[O-])cc([N+](=O)[O-])cc1[N+](=O)[O-],5.84
Cc1ccc(N2C(=O)NC(=O)/C(=C\c3ccc(Cc4cccc(N)c4)cc3OS(=O)(=O)c3cccc([N+](=O)[O-])c3)C2=O)cc1N=O,6.6
O=[N+]([O-])C=Cc1ccc(Sc2ccc(-c3ccc([N+](=O)[O-])cc3[N+](=O)[O-])nn2)c(Cl)c1,7.02
O=[N+]([O-])c1ccc(N(S(=O)(=O)c2ccccc2)S(=O)(=O)c2ccc(Cl)c([N+](=O)[O-])c2)c([N+](=O)[O-])c1,7.51
Cn1cc([C@H]2CCCCCN2C(=O)c2ccccc2[N+](=O)[O-])cn1,5.34
O=C(c1ccc([N+](=O)[O-])cc1[N+](=O)[O-])N1C[C@@H]2C3CCC(CC3)[C@H]2C1,6.75
CCc1nc2ccccc2c(=O)n1-c1ccc(OCc2ccc([N+](=O)[O-])cc2)cc1,6.59
O=[N+]([O-])c1cccc(S(=O)(=O)Oc2ccc([N+](=O)[O-])cc2Cl)c1,7.31
O=[N+]([O-])C=Cc1cc(C=NOc2ccc([SH](=O)=O)cc2)cc([N+](=O)[O-])c1,6.19
Cc1c(OC(=O)c2cc([N+](=O)[O-])cc([N+](=O)[O-])c2)cccc1OS(=O)(=O)c1cccc2cccnc12,7.06
O=[N+]([O-])C(=Cc1cccc(NC(=NS(=O)(=O)c2ccccc2[N+](=O)[O-])c2ccccc2)c1)[N+](=O)[O-],6.61
O=[N+]([O-])OCc1ccc(C(c2ccc(CO[N+](=O)[O-])cc2)(c2cccc(Cl)c2)n2nnc3ccccc32)cc1,7.1
O=[N+]([O-])c1cc(CP(=O)(c2ccccc2)c2ccccc2)nc2nc(C(Cl)(Cl)Cl)ccc12,6.98
Cc1ccc(C)n1-c1nn(S(=O)(=O)c2ccccc2[N+](=O)[O-])c2cccc([N+](=O)[O-])c12,6.77
N#Cc1cccc(NC(=O)c2ccc(-c3ccc(S(=O)(=O)Nc4cc([N+](=O)[O-])cc([N+](=O)[O-])c4)cc3)cc2)c1,7.73
CC(=Cc1cc([N+](=O)[O-])c(S(=O)(=O)c2ccccc2)c([N+](=O)[O-])c1)[N+](=O)[O-],7.14
N#Cc1ccc(C(=O)c2ccc(Sc3ccc(Cl)cc3[N+](=O)[O-])cc2)cc1,6.4
CC(=Cc1cc(CSc2nc(=O)c3c(C=O)cc(Cl)nc3n2C2CC2)cc([N+](=O)[O-])c1)[N+](=O)[O-],6.78
O=[N+]([O-])c1ccc(S(=O)(=O)Nc2cc(Cl)c([N+](=O)[O-])cc2[N+](=O)[O-])c([N+](=O)[O-])c1,6.18
Cc1sc2nc(CSc3ccc(-c4cccc([N+](=O)[O-])c4)cc3[N+](=O)[O-])nc(NCc3ccccc3)c2c1C,5.96
O=C1CC2(CCN(C(=O)c3csc(-c4cccnc4)n3)CC2)CN1,5.79
O=C(Cn1cnc2scc(-c3ccc([N+](=O)[O-])s3)c2c1=O)N1CC=C(c2ccccc2)CC1,6.66
CC(=Cc1ccc(S(=O)(=O)Nc2ccc([N+](=O)[O-])cc2C)cc1)c1ccc([N+](=O)[O-])cc1,6.03
O=[N+]([O-])C=Cc1ccc(S(=O)(=O)c2ccc(-c3cc[n+]([O-])cc3)cc2)c([N+](=O)[O-])c1,7.12
CC([C@@H](NC(=O)c1cc([N+](=O)[O-])cc([N+](=O)[O-])c1)c1cnc2ccccc2c1)[N+](=O)[O-],7.16
O=[N+]([O-])c1cc(S(=O)(=O)Nc2ccc(Cl)cc2NS(=O)(=O)c2ccc([N+](=O)[O-])c([N+](=O)[O-])c2)ccc1Cl,7.11
CC(C)C1C=C(C(=O)OCCC#N)C(c2ccc([N+](=O)[O-])cc2)N1S(=O)(=O)c1ccc([N+](=O)[O-])cc1,6.04
O=[N+]([O-])C(=Cc1cc(NS(=O)(=O)c2ccc(CSc3ccc([N+](=O)[O-])cc3[N+](=O)[O-])cc2)cc([N+](=O)[O-])c1)[N+](=O)[O-],6.67
O=[N+]([O-])c1cc(C=Cc2ccc([N+](=O)[O-])cc2[N+](=O)[O-])cc([N+](=O)[O-])c1,7.03
O=C(C1=C(O)C(=O)N([C@@H]2CCS(=O)(=O)C2)[C@@H]1c1ccc(-c2ccc([N+](=O)[O-])cc2)cc1)c1cccs1,7.1
O=[N+]([O-])c1ccc(OS(=O)(=O)c2ccc3ccccc3c2)cc1Sc1cc(Cl)c(Cl)cc1[N+](=O)[O-],7.08
Cn1c(=O)c2ccc([C@H]3CC[C@H](NC(=O)c4cc(C=C[N+](=O)[O-])cc(C=C[N+](=O)[O-])c4)CC3)nc2n(C)c1=O,8.37
O=[N+]([O-])c1ccc(S(=O)(=O)Nc2cccc(S(=O)(=O)c3ccc([N+](=O)[O-])cc3[N+](=O)[O-])c2)c([N+](=O)[O-])c1,6.44
O=[N+]([O-])C=Cc1ccc(S(=O)(=O)Oc2ccc([N+](=O)[O-])cc2[N+](=O)[O-])cc1,7.24
O=[N+]([O-])Nc1ccc(Nc2cc(S(=O)(=O)c3ccc([N+](=O)[O-])cc3[N+](=O)[O-])ccc2[N+](=O)[O-])cc1,7.61
CC1C(C)C(c2ccc([N+](=O)[O-])c(S(=O)(=O)c3ccc(Cl)cc3[N+](=O)[O-])c2)C1c1cccc(S)c1,6.46
O=C1c2ccc(S(=O)(=O)O)cc2C(=O)N1c1ccc([N+](=O)[O-])cc1Cl,7.01
CN(c1cccc(-c2cccc([N+](=O)[O-])c2)c1)S(=O)(=O)c1ccccc1[N+](=O)[O-],6.32
O=[N+]([O-])c1ccc(Sc2ccc([N+](=O)[O-])cc2[N+](=O)[O-])c([N+](=O)[O-])c1,7.02
Cc1ccccc1-c1ccc(S(=O)(=O)c2ccc(C=C[N+](=O)[O-])cc2[N+](=O)[O-])cc1,8.36
Cc1ccc(S(=O)(=O)Nc2ccc(S(=O)(=O)Nc3ccc(Cl)cc3Cl)cc2)cc1[N+](=O)[O-],6.27
Cc1ccc(Nc2ccc(C(=O)Nc3ccc([N+](=O)[O-])cc3)cc2S(=O)(=O)O)cc1,7.07
O=C(Nc1cc(C=C[N+](=O)[O-])ccc1[N+](=O)[O-])[C@@H]1CCCN(c2cccc3c2C(=O)N(c2ccc([N+](=O)[O-])cc2[N+](=O)[O-])C3=O)C1,8.36
CC(=Cc1ccc(C(=O)NS(=O)(=O)c2cccc([N+](=O)[O-])c2)cc1OS(=O)(=O)c1ccc([N+](=O)[O-])cc1)[N+](=O)[O-],6.94
CCn1c2ccoc2c2cnn(Cc3ccccc3)c(=O)c21,4.92
O=[N+]([O-])C=Cc1ccc([N+](=O)[O-])c2c([N+](=O)[O-])cccc12,5.94
Cn1c(CSc2ccc3c(c2)OCCCO3)nc2cc(C=Cc3cc([N+](=O)[O-])cc([N+](=O)[O-])c3)ccc21,6.22
O=[N+]([O-])C(=Cc1cccc(S(=O)(=O)Nc2ccc([N+](=O)[O-])cc2[N+](=O)[O-])c1)[N+](=O)[O-],6.03
Cc1ccc(S(=O)(=O)S(=O)(=O)c2ccc(S(=O)(=O)Oc3ccc(C=C[N+](=O)[O-])cc3)cc2)cc1,7.93
O=[N+]([O-])c1ccc(S(=O)(=O)Nc2ccc(C(=Cc3ccccc3)c3ccc(C(Cl)(Cl)Cl)cc3)cc2)c([N+](=O)[O-])c1,8.59
O=[N+]([O-])OCC(O[N+](=O)[O-])C(CO[N+](=O)[O-])O[N+](=O)[O-],3.82
CN(C(=O)c1ccc(S(=O)(=O)Cc2cc(-n3cnnn3)ccc2[N+](=O)[O-])cc1)S(=O)(=O)c1ccc([N+](=O)[O-])cc1,7.05
C=Cc1ccc(S(=O)(=O)c2ccc([N+](=O)[O-])cc2[N+](=O)[O-])cc1,7.29
O=[N+]([O-])c1ccc(S(=O)(=O)Oc2ccc([N+](=O)[O-])cc2Cl)cc1,6.81
Cc1ccc(C)n1-c1cccc(NS(=O)(=O)c2ccc([N+](=O)[O-])cc2[N+](=O)[O-])c1,6.25
Cc1ccc(C(=O)Cn2c(Sc3ccccc3[N+](=O)[O-])nc3ccccc32)cc1[N+](=O)[O-],6.75
Cc1ccc(S(=O)C(c2ccccc2)c2ccc([N+](=O)[O-])cc2)cc1,6.65
O=C(c1ccc(C=C([N+](=O)[O-])[N+](=O)[O-])cc1[N+](=O)[O-])N1C[C@H]2CC[C@H](C1)N(Cc1ccccc1)C2=O,0.0
O=[N+]([O-])c1ccccc1CCc1cc(C=NOc2ccccc2)ccc1S(=O)c1ccc(Cl)cc1,6.18
CC(=Cc1ccc(C2C(c3ccc(N(O)S(=O)(=O)c4ccc(C=C(Cl)S(=O)(=O)c5ccccc5)cc4)cc3)C2(Cl)Cl)cc1)[N+](=O)[O-],6.22
O=[N+]([O-])c1cc([N+](=O)[O-])c2c([N+](=O)[O-])cccc2c1,5.89
O=[N+]([O-])c1ccc(S(=O)(=O)c2ccc([N+](=O)[O-])cc2[N+](=O)[O-])c([N+](=O)[O-])c1,7.14
Cc1ccc(S(=O)(=O)c2cccc([N+](=O)[O-])c2)cc1S(=O)(=O)O,6.26
N#CCC(=O)N1CCCc2ccc(S(=O)(=O)c3ccc([N+](=O)[O-])cc3[N+](=O)[O-])cc21,7.01
O=C1C[C@H](Nc2ccccc2Br)C(=O)N1c1cc(C=C[N+](=O)[O-])ccc1[N+](=O)[O-],6.64
O=[N+]([O-])c1ccc(S(=O)(=O)N2CCC(C(O)(c3ccccc3)c3ccccc3)CC2)c([N+](=O)[O-])c1,6.59
CC(=Cc1ccc(S(=O)(=O)c2ccc([N+](=O)[O-])cc2[N+](=O)[O-])cc1)[N+](=O)[O-],8.94
CS(=O)c1ccc(C(Nc2ccccc2)(c2ccccc2)c2ccc([N+](=O)[O-])cc2)cc1,7.23
Cc1c(CCNS(=O)(=O)c2cccc(C=C[N+](=O)[O-])c2)c(=O)oc2cc3occc3cc12,5.44
O=[N+]([O-])c1cccc([N+](=O)[O-])c1S(=O)(=O)c1ccc(-c2cccc(Br)c2)cc1,6.93
O=[N+]([O-])c1cc(OS(=O)(=O)c2ccc(Cl)c([N+](=O)[O-])c2)cc([N+](=O)[O-])c1,6.79
Cc1ccc(S(=O)(=O)c2ccc([N+](=O)[O-])cc2[N+](=O)[O-])cc1[N+](=O)[O-],7.46
O=[N+]([O-])C(=Cc1ccc(S(=O)(=O)Oc2ccc([N+](=O)[O-])cc2Cl)cc1)[N+](=O)[O-],6.88
O=C(Nc1ccccc1S(=O)c1ccc(C2CO2)cc1)c1cc([N+](=O)[O-])cc([N+](=O)[O-])c1,7.22
Cc1ccc(NS(=O)(=O)c2cc(C(=O)Nc3cccc(S(=O)(=O)c4ccc([N+](=O)[O-])cc4)c3)cc([N+](=O)[O-])c2)cc1C,7.25
O=C(NC(NC(=O)c1ccc(S(=O)(=O)Oc2ccc([N+](=O)[O-])cc2Cl)cc1)c1cccc([N+](=O)[O-])c1)c1ccc([N+](=O)[O-])cc1,6.72
CC(C(=O)c1cccc([N+](=O)[O-])c1)N1C(=O)c2ccccc2C1=O,6.47
N#Cc1cc([N+](=O)[O-])ccc1Oc1ccc(C2C(c3ccc([SH](=O)=O)cc3)C2(Cl)Cl)cc1,6.23
O=[N+]([O-])c1cccc(NS(=O)(=O)c2ccc(S(=O)(=O)c3ccc([N+](=O)[O-])cc3[N+](=O)[O-])cc2)c1,8.12
O=[N+]([O-])C(=Cc1ccc(S(=O)(=O)Oc2ccc(-c3ccccc3)cc2)cc1)[N+](=O)[O-],7.73
O=[N+]([O-])c1ccc(Nc2cc(Cl)c([N+](=O)[O-])cc2[N+](=O)[O-])cc1,6.43
O=[N+]([O-])c1cc([N+](=O)[O-])cc(S(=O)(=O)Nc2ccc(Nc3ccc(Cl)cc3)c(S(=O)(=O)O)c2)c1,6.41
O=[N+]([O-])C(=Cc1cccc(NC(=Nc2ccc(S(=O)O)cc2)c2cccc([N+](=O)[O-])c2)c1)[N+](=O)[O-],6.82
CC(NC(c1ccccc1)(c1ccccc1)c1ccc(S(=O)(=O)C(Cl)Cl)cc1)c1ccc(S(=O)O)cc1,6.64
O=[N+]([O-])c1ccccc1-c1nn2c(Cn3nnc4ccccc43)nnc2s1,7.14
O=C1CCCC2=C1[C@H](c1cc(Nc3cccc(Cl)c3)ccc1[N+](=O)[O-])n1nnnc1N2,6.79
O=[N+]([O-])C(=Cc1cccc(S(=O)(=O)Nc2ccc([N+](=O)[O-])cc2O)c1)[N+](=O)[O-],5.44
Cc1c(CNC(=O)C2=CN3CCS(=O)(=O)N=C3C=C2)cnn1-c1cccc(C=Cc2ccc([N+](=O)[O-])cc2[N+](=O)[O-])c1,7.2
O=[N+]([O-])c1ccc(NS(=O)(=O)c2cccc(Nc3cccc(Cl)c3)c2)c([N+](=O)[O-])c1,6.61
O=[N+]([O-])c1ccc(S(=O)(=O)c2ccc(C=C(c3ccccc3)c3ccccc3)cc2)c([N+](=O)[O-])c1,7.64
O=[N+]([O-])C=Cc1ccc(Sc2ccc([N+](=O)[O-])cc2[N+](=O)[O-])c([N+](=O)[O-])c1,6.98
Cc1c(C(N)=O)c2ccccc2n1C(=O)c1ccc(-c2ccc(OS(=O)(=O)c3ccc([N+](=O)[O-])cc3)cc2[N+](=O)[O-])o1,6.28
Cc1ccc([N+](=O)[O-])cc1S(=O)(=O)Oc1ccccc1-c1ccc(C(=O)Cl)cc1,5.9
O=C1COc2cc(S(=O)(=O)Nc3ccc([N+](=O)[O-])cc3[N+](=O)[O-])c([N+](=O)[O-])cc2N1,7.76
Cc1c(OS(=O)(=O)c2ccc([N+](=O)[O-])cc2)cccc1OS(=O)(=O)c1cccc([N+](=O)[O-])c1,7.07
Cc1c([C@@H]2c3ccccc3C(=O)N2CC(=O)Nc2cc([N+](=O)[O-])cc([N+](=O)[O-])c2)c2ccccc2n1C,7.18
Cc1ccc(C2(c3ccc(S(=O)(=O)Nc4c(Cl)cc([N+](=O)[O-])cc4Cl)cc3)CCCCC2)cc1,6.56
O=c1c(-c2ccc(Cc3ccccc3)cc2)coc2cc(Oc3ccc([N+](=O)[O-])cc3[N+](=O)[O-])c(O)cc12,7.11
Cc1ccc(C2C(=O)C(c3ccccc3)C(c3ccc(-c4ccc(C=NO)cc4)cc3)NC2c2ccc(C=CBr)cc2)cc1,5.99
Nc1ccc([N+]([O-])=Cc2ccc(S(=O)(=O)N=C(NS(=O)(=O)c3ccccc3)c3ccccc3)c([N+](=O)[O-])c2)cc1,7.68
O=[N+]([O-])c1ccc(S(=O)(=O)c2ccc([N+](=O)[O-])cc2[N+](=O)[O-])c([N+](=O)[O-])c1,7.47
O=[N+]([O-])C=Cc1ccc(S(=O)(=O)Nc2cccc(-c3noc(-c4cc5n(n4)C[C@H](c4ccccc4)OC5)n3)c2)c([N+](=O)[O-])c1,7.08
CC(=Cc1ccc(C(c2ccc([N+](=O)[O-])cc2)c2ccc([SH](=O)=O)cc2)cc1)[N+](=O)[O-],6.97
Cc1ccc(S(=O)(=O)N2CC2c2ccc(CS(=O)(=O)c3cccc([N+](=O)[O-])c3)cc2)cc1[N+](=O)[O-],6.57
Cc1ccc(S(=O)(=O)N(c2ccc(C3=C(c4ccc(S(C)(=O)=O)cc4)S3(=O)=O)cc2)c2ccc([N+](=O)[O-])cc2)cc1,8.28
O=[N+]([O-])Nc1ccc(S(=O)(=O)ON=C(c2ccc(Cl)cc2)c2ccc(C(Cl)(Cl)Cl)cc2)cc1,6.18
O=C(Nc1cc(S(=O)(=O)N=Cc2ccc(S(=O)(=O)c3ccc(C=C[N+](=O)[O-])cc3)cc2)ccc1[N+](=O)[O-])c1cc([N+](=O)[O-])cc([N+](=O)[O-])c1,8.46
CS(=O)c1ccc(C(O)(c2ccc(-c3ccc(Cl)cc3)cc2)c2ccc(S(=O)(=O)n3ccc4cc([N+](=O)[O-])ccc43)cc2)cc1,7.84
O=[N+]([O-])c1cc([N+](=O)[O-])c2c([N+](=O)[O-])cccc2c1,6.06
O=[N+]([O-])c1ccc(NS(=O)(=O)c2ccc([N+](=O)[O-])cc2[N+](=O)[O-])c(Cl)c1,7.58
O=C1NC2(CCS(=O)(=O)CC2)C(=O)N1Cc1ccc(S(=O)(=O)Oc2ccc([N+](=O)[O-])cc2[N+](=O)[O-])cc1,6.6
O=[N+]([O-])c1ccc(S(=O)(=O)Nc2ccc(C3CN3S(=O)(=O)c3ccccc3)cc2)c([N+](=O)[O-])c1,7.12
O=C(C=Cc1ccc([N+](=O)[O-])cc1[N+](=O)[O-])c1cc([N+](=O)[O-])cc([N+](=O)[O-])c1,8.74
Cc1ccc(CN2CCN(Cc3cc4c(c([N+](=O)[O-])c3)OCCN(c3ccc([N+](=O)[O-])cc3[N+](=O)[O-])C4)CC2)cc1,8.44
O=[N+]([O-])c1cccc([N+](=O)[O-])c1S(=O)(=O)c1ccc(S(=O)(=O)c2ccc(Cl)cc2)cc1,7.17
CN1C(=O)N[C@@H](c2ccc(CO[N+](=O)[O-])cc2)C2=C1CN(c1ccc(S(=O)(=O)Nc3ccc([N+](=O)[O-])cc3[N+](=O)[O-])cc1)C2=O,7.29
Cc1nc2c(c(=O)n1C)CCN(c1ccc([N+](=O)[O-])cc1[N+](=O)[O-])CC2,6.54
O=[N+]([O-])c1ccc(S(=O)(=O)c2ccc([N+](=O)[O-])cc2[N+](=O)[O-])c([N+](=O)[O-])c1,7.3
Cn1nccc1-n1nc(Cc2ccc([N+](=O)[O-])c([N+](=O)[O-])c2)nc1[C@@H]1CCC(=O)N1,6.49
O=C(c1ccc(OS(=O)(=O)c2ccc([N+](=O)[O-])cc2[N+](=O)[O-])cc1)c1ccc([N+](=O)[O-])cc1,8.02
Cc1ccc([N+](=O)[O-])cc1S(=O)(=O)Oc1ccc(C(=O)c2ccc([N+](=O)[O-])cc2)cc1,7.98
O=[N+]([O-])c1ccc(S(=O)(=O)Nc2ccc(Nc3ccc(Cl)cc3)c(S(=O)(=O)O)c2)c([N+](=O)[O-])c1,6.85
O=C(ON=Cc1cc(S(=O)(=O)Nc2ccc3c4c(cccc24)CC3)ccc1[N+](=O)[O-])c1cc(C=C[N+](=O)[O-])cc([N+](=O)[O-])c1,6.89
O=[N+]([O-])c1ccc(Oc2cc([N+](=O)[O-])c(NN(c3ccccc3)c3ccccc3)c([N+](=O)[O-])c2)cc1,7.32
Cc1ccc(S(=O)(=O)NC(=O)NS(=O)(=O)c2cc([N+](=O)[O-])ccc2Cl)cc1,6.91
O=C(Cn1c(=O)n(S(=O)(=O)c2ccccc2)c2ccccc21)c1ccc([N+](=O)[O-])c([N+](=O)[O-])c1,6.25
O=[N+]([O-])c1ccc(S(=O)(=O)Oc2cccc3c(OS(=O)(=O)c4ccc(Cl)c(Cl)c4)cccc23)cc1,7.12
O=[N+]([O-])c1ccc(S(=O)(=O)Oc2ccc(S(=O)(=O)Oc3cccc([N+](=O)[O-])c3)cc2)cc1,7.47
O=[N+]([O-])c1ccc(-c2ccc(S(=O)(=O)c3ccc([N+](=O)[O-])cc3[N+](=O)[O-])cc2)cc1,8.44
Cc1ccc(S(=O)(=O)Nc2ccc(C=C[N+](=O)[O-])cc2[N+](=O)[O-])cc1[N+](=O)[O-],6.63
CC(=O)c1ccc(S(=O)(=O)NC(=O)N2CCc3nc([C@H]4CCCN4C(=O)c4ccccc4C(=O)c4ccc(Cl)c([N+](=O)[O-])c4)[nH]c(=O)c3C2)cc1,7.14
O=[N+]([O-])c1ccc(OS(=O)(=O)c2ccc(S(=O)(=O)Nc3ccc([N+](=O)[O-])cc3[N+](=O)[O-])cc2)cc1,6.7
Nc1ccc(-c2ccc(S(=O)(=O)Oc3ccc([N+](=O)[O-])cc3Cl)cc2)cc1,6.2
Cc1c([N+](=O)[O-])cc([N+](=O)[O-])cc1[N+](=O)[O-],5.91
CS(=O)(=O)Nc1ccc(C(=O)N2CCC[C@H](c3cccc(-c4ccc(S(=O)(=O)O)cc4)n3)C2)cc1,6.54
Cn1c(=O)n(CC(=O)Nc2ccc(C=C[N+](=O)[O-])cc2[N+](=O)[O-])c(=O)c2[nH]cnc21,6.61
CS(=O)(=O)N1C[C@H](C(=O)Nc2cc(C=C[N+](=O)[O-])ccc2[N+](=O)[O-])Oc2ccc([N+](=O)[O-])cc21,7.39
O=[N+]([O-])C(=Cc1ccc(S(=O)(=O)c2ccc(S(=O)(=O)N=Cc3cc(Br)cc(Br)c3)cc2)c([N+](=O)[O-])c1)[N+](=O)[O-],8.47
O=[N+]([O-])c1cc(S(=O)(=O)N(c2ccc(C(N=C=S)c3ccc([SH](=O)=O)cc3)cc2)S(=O)(=O)c2ccccc2)ccc1Cl,6.56
CC(=NO)c1ccc(S(=O)(=O)c2ccc([N+](=O)[O-])cc2[N+](=O)[O-])cc1OS(=O)(=O)c1ccc([N+](=O)[O-])cc1,6.6
Cc1ccc(S(=O)(=O)c2ccc([N+](=O)[O-])cc2[N+](=O)[O-])c([N+](=O)[O-])c1,7.05
O=[N+]([O-])c1ccc(S(=O)(=O)c2ccc(Cl)cc2[N+](=O)[O-])c([N+](=O)[O-])c1,7.13
Cc1ccc(S(=O)(=O)Nc2ccc([N+](=O)[O-])cc2[N+](=O)[O-])cc1[N+](=O)[O-],8.14
Cc1ccc([N+](=O)[O-])cc1S(=O)(=O)Oc1ccc(S(=O)(=O)c2ccc([N+](=O)[O-])cc2[N+](=O)[O-])cc1,7.15
O=C(c1ccc(Cl)cc1[N+](=O)[O-])N1CC[C@@]2(CCCN(Cc3ccc(-c4cccc([N+](=O)[O-])c4)cc3)C2=O)C1,6.63
Cc1ccc(Cl)cc1S(=O)(=O)Oc1cccc(OS(=O)(=O)c2ccc(Cl)c([N+](=O)[O-])c2)c1N,6.34
Cc1ccc(C2C(c3ccc(S(=O)(=O)N(CC4CO4)c4ccc(C=C[N+](=O)[O-])cc4[N+](=O)[O-])cc3)C2(Cl)Cl)cc1,6.72
CS(=O)c1ccc(C(NC2CCCC2)(c2ccc(C=C[N+](=O)[O-])cc2)c2ccc(S(=O)(=O)OC3CC=CC3)cc2)cc1,7.87
O=c1c2cc(S(=O)(=O)Nc3ccccn3)ccc2nc2n1CCN(CCO[N+](=O)[O-])CC2,5.54
O=[N+]([O-])c1cccc(S(=O)(=O)c2ccc([N+](=O)[O-])cc2[N+](=O)[O-])c1,7.72
CC(=O)Nc1cccc2c(OS(=O)(=O)c3ccc([N+](=O)[O-])cc3[N+](=O)[O-])cccc12,7.6
O=[N+]([O-])c1ccc(-c2ccc(S(=O)(=O)N3CCC([C@@H]4C[C@@H](C(F)F)n5ncnc5N4)CC3)c([N+](=O)[O-])c2)cc1Cl,7.7
Cc1ccc(C(=O)Cn2cc(C(=O)OCc3ccccc3)c(=O)c3ccc(S(=O)(=O)Cl)cc32)cc1[N+](=O)[O-],6.07
O=[N+]([O-])C(=Cc1ccc(S(=O)(=O)CC(c2ccccc2)N2CCC(c3ccccc3)CC2)cc1)[N+](=O)[O-],7.26
O=Nc1ccc(C=NNc2ccc(OS(=O)(=O)c3ccc([N+](=O)[O-])cc3)cc2)cc1,6.09
Cc1ccc(C(NC(=O)c2cc([N+](=O)[O-])cc([N+](=O)[O-])c2)C(Cl)(Cl)Cl)cc1,5.73
Cc1c([N+](=O)[O-])cc([N+](=O)[O-])cc1[N+](=O)[O-],6.23
Cn1c(Sc2ccccc2[N+](=O)[O-])nc2cc(S(=O)(=O)O)ccc21,6.12
O=[N+]([O-])c1ccc([N+](=O)[O-])c(S(=O)(=O)Nc2cc(S(=O)(=O)O)ccc2[N+](=O)[O-])c1,6.45
Cc1ccc([N+](=O)[O-])cc1S(=O)(=O)Nc1ccc([N+](=O)[O-])cc1[N+](=O)[O-],6.31
O=[N+]([O-])OCc1ccc(S(=O)(=O)c2ccc([N+](=O)[O-])cc2[N+](=O)[O-])cc1,6.46
CC(=O)N(Cc1cc2cc([N+](=O)[O-])ccc2[nH]c1=O)c1ccc(S(=O)(=O)SCc2ccc([N+](=O)[O-])cc2)cc1,6.1
Cc1ccc(NS(=O)(=O)N(Cc2cc3cc([N+](=O)[O-])ccc3[nH]c2=O)C(=O)c2ccc(S(=O)(=O)O)cc2[N+](=O)[O-])cc1,6.37
CC1(C(=O)OC(OC(=O)NC#N)(c2ccccn2)c2ncccn2)C=CC=[N+]1[O-],4.58
O=[N+]([O-])c1ccc(S(=O)c2ccc([N+](=O)[O-])cc2[N+](=O)[O-])c([N+](=O)[O-])c1,7.3
O=C(Nc1ccc(Nc2ccccc2)cc1[N+](=O)[O-])c1cc(=O)c2ccccc2o1,7.39
O=[N+]([O-])c1ccc(Nc2ccc([N+](=O)[O-])cc2[N+](=O)[O-])c([N+](=O)[O-])c1,6.98
Cn1c(SCC(=O)Nc2ccc([N+](=O)[O-])cc2[N+](=O)[O-])nc2cc(S(=O)(=O)O)ccc21,5.01
Nc1ccc(C(c2ccc(C=C[N+](=O)[O-])cc2)S(=O)c2ccc([N+](=O)[O-])cc2)cc1,7.62
O=C(c1ccccc1[N+](=O)[O-])N1CCC(C(=O)ON=Cc2ccc(Br)cc2)(S(=O)(=O)c2ccc([N+](=O)[O-])cc2)CC1,7.25
O=[N+]([O-])OCc1ccc(CP(=O)(c2ccccc2)c2ccc(C(=Nc3ccccc3)Nc3cccc([N+](=O)[O-])c3)cc2)cc1,6.32
O=Cc1ccc(S(=O)(=O)N(c2ccc(C(=O)Cl)c([N+](=O)[O-])c2)S(=O)(=O)c2ccc(Cl)c([N+](=O)[O-])c2)cc1[N+](=O)[O-],6.74
O=[N+]([O-])c1ccccc1S(=O)(=O)N(c1ccccc1)c1ccc2c(c1)CCC2,7.33
O=[N+]([O-])c1cccc(NS(=O)(=O)c2ccc([N+](=O)[O-])cc2[N+](=O)[O-])c1,6.52
O=C(c1ccc([N+](=O)[O-])cc1)c1ccc(C2(c3ccc(S(=O)(=O)C4CC4)cc3)CCCC2)cc1,7.23
O=[N+]([O-])C=Cc1cc([N+](=O)[O-])cc(S(=O)(=O)Oc2ccc([N+](=O)[O-])cc2Cl)c1,7.58
Cc1ccccc1NS(=O)(=O)c1ccc(C(=Cc2ccc(N(O)N=O)cc2)c2ccc(C3C=CS(=O)(=O)C3)cc2)cc1,6.2
O=[N+]([O-])c1ccc(CN2CCN(Cc3cc([N+](=O)[O-])cc([N+](=O)[O-])c3)CC2)cc1,7.74
N#[N+][N-]c1ccc(S(=O)(=O)N(O)c2cccc(C(=O)N3CC[C@@H](OCC4CC4)[C@H](Cc4ccccc4)C3)c2)cc1,5.31
O=C(CN(c1cccc([N+](=O)[O-])c1)S(=O)(=O)c1ccccc1[N+](=O)[O-])N1CCN(S(=O)(=O)c2ccc([N+](=O)[O-])cc2[N+](=O)[O-])CC1,7.04
O=C1c2ccccc2C(=O)N1c1cccc(S(=O)(=O)c2ccc(C=C[N+](=O)[O-])cc2[N+](=O)[O-])c1,8.06
O=[N+]([O-])c1cc([N+](=O)[O-])cc(S(=O)(=O)Oc2ccc3ccc([N+](=O)[O-])cc3c2)c1,8.32
O=[N+]([O-])c1cc(S(=O)(=O)S(=O)(=O)c2ccc(-c3cc[n+]([O-])cc3)cc2)ccc1Cl,6.84
CC(N)c1ccc(OS(=O)(=O)c2ccc(C=C[N+](=O)[O-])cc2[N+](=O)[O-])c2ccccc12,6.81
O=C1CN(Cc2ccccc2)[C@H]2CS(=O)(=O)C[C@H]2N1c1ccc(C(S)(c2ccccc2)c2ccc(Br)cc2)cc1,6.95
O=c1[nH]c2cc(S(=O)O)ccc2cc1CCS(=O)(=O)c1ccc(CS(=O)(=O)c2ccc([N+](=O)[O-])cc2[N+](=O)[O-])cc1,5.83
O=[N+]([O-])c1ccc(S(=O)(=O)Nc2cc(Br)c(NS(=O)(=O)c3ccccc3)cc2Br)c([N+](=O)[O-])c1,6.73
Nc1ccc(C=NN=Cc2ccc(NS(=O)(=O)c3cc([N+](=O)[O-])ccc3Cl)cc2S(=O)(=O)O)c(S(=O)(=O)O)c1,5.42
O=[N+]([O-])c1cc([N+](=O)[O-])c2c([N+](=O)[O-])cccc2c1,5.93
O=c1c2[nH]c3ccccc3c2nc(SCc2ccc([N+](=O)[O-])cc2)n1-c1ccccc1,6.24
O=[N+]([O-])C=Cc1ccc(S(=O)(=O)Nc2ccc([N+](=O)[O-])cc2[N+](=O)[O-])c([N+](=O)[O-])c1,7.94
Cc1nc(CCS(=O)(=O)c2ccc(Oc3ccc[n+]([O-])c3)cc2)n(-c2cc(=O)[nH]c3ccccc23)n1,6.59
CC(=Cc1cc(C(=O)N2CCO[C@H](c3ccc4cc(S(=O)(=O)C5CC5(Cl)Cl)ccc4c3)C2)cc([N+](=O)[O-])c1)[N+](=O)[O-],8.81
Cc1sc2nc(SCc3cc(C=Cc4ccccc4)cc(C=C[N+](=O)[O-])c3)n(C)c(=O)c2c1C,6.78
Cc1ccc(S(=O)(=O)Nc2ccc([N+](=O)[O-])cc2NN=Cc2cc([N+](=O)[O-])cc(S(=O)(=O)Nc3ccccc3)c2)cc1[N+](=O)[O-],6.38
CC(=O)c1cc(NS(=O)(=O)c2cc([N+](=O)[O-])ccc2Cl)cc([N+](=O)[O-])c1-c1c(C(=O)O)cccc1[N+](=O)[O-],5.81
O=[N+]([O-])c1ccc(S(=O)(=O)N2CCN(S(=O)(=O)c3ccc([SH](=O)=O)cc3)CC2)c([N+](=O)[O-])c1,7.28
O=[N+]([O-])c1cc(Cl)ccc1S(=O)(=O)c1ccc(S(=O)(=O)Nc2cc(Cl)cc(Cl)c2)cc1,6.73
CCc1ccccc1Cc1ccc(C(=C[N+](=O)[O-])c2ccc(-c3ccccc3)cc2)cc1,7.31
O=[N+]([O-])c1ccc(S(=O)(=O)Nc2ccc(Br)cc2[N+](=O)[O-])c([N+](=O)[O-])c1,6.78
O=C(CSc1nc2cc(S(=O)(=O)Nc3ccc(Br)cc3[N+](=O)[O-])ccc2o1)Nc1cc([N+](=O)[O-])cc([N+](=O)[O-])c1,7.3
Cc1cccc(S(=O)(=O)NC(=NS(=O)(=O)c2ccccc2[N+](=O)[O-])c2ccc(S(=O)(=O)C3CC3(Cl)Cl)cc2)c1,6.37
Cc1ccc(S(=O)(=O)S(=O)(=O)c2cc(C=Cc3cc([N+](=O)[O-])cc([N+](=O)[O-])c3)cc([N+](=O)[O-])c2)cc1,6.96
CN(c1ccc(S(=O)C(c2ccccc2)c2ccc([N+](=O)[O-])cc2)cc1)S(=O)(=O)c1ccc([N+](=O)[O-])cc1[N+](=O)[O-],7.0
O=[N+]([O-])c1cccc2c1-c1ccccc1CC2,5.27
Cn1ccnc1-c1nccnc1C1CCN(c2ccc(Cl)cc2[N+](=O)[O-])CC1,6.02
O=[N+]([O-])c1ccc(S(=O)c2ccc([N+](=O)[O-])cc2[N+](=O)[O-])c([N+](=O)[O-])c1,6.67
O=[N+]([O-])c1cccc(S(=O)(=O)N2CCN(S(=O)(=O)c3ccc([N+](=O)[O-])cc3[N+](=O)[O-])CC2)c1,7.09
O=C(c1ccccc1[N+](=O)[O-])N1CCC[C@@H]1C(O)(c1ccccc1)c1ccc(S(=O)(=O)O)cc1,5.27
Cc1nccn1-c1ccccc1CSc1ccc(C=NNc2ccc([N+](=O)[O-])cc2)cc1[N+](=O)[O-],7.11
O=[N+]([O-])c1cccc(-c2ccc(S(=O)(=O)NC(=NS(=O)(=O)c3ccccc3[N+](=O)[O-])c3ccccc3)cc2)c1,6.77
Cc1ccc(NS(=O)(=O)c2ccc(S(=O)(=O)CC(=O)Nc3sc4c(c3C(=O)C[N-][N+]#N)CC[C@@H](C)C4)cc2)cc1[N+](=O)[O-],5.54
O=Nc1cccc(Cc2cccc(-n3cccc3[C@H]3[C@H](c4ccccn4)NC(=S)N3Cc3ccccc3)c2)c1,5.1
O=C(Nc1ccc([N+](=O)[O-])cc1[N+](=O)[O-])c1cc(-c2ccccc2)c(N2CCOCC2)s1,6.75
CCN(N=Nc1cccc2ccccc12)c1cccc(C=C[N+](=O)[O-])c1,5.61
O=[N+]([O-])c1ccc(S(=O)(=O)c2ccc(S(=O)(=O)c3ccc(S(=O)(=O)C4CC4)cc3)cc2)c([N+](=O)[O-])c1,8.31
O=C(C1CCC(NS(=O)(=O)c2ccc([N+](=O)[O-])cc2[N+](=O)[O-])CC1)N1CC[C@@H](c2ccccc2)C1,7.08
O=[N+]([O-])C=Cc1ccc(CS(=O)(=O)c2ccc([N+](=O)[O-])cc2[N+](=O)[O-])cc1,6.49
Nc1ccc(Nc2ccc(C=Cc3cc(Cl)cc(Cl)c3)cc2)c([N+](=O)[O-])c1,6.08
O=Nc1ccc(S(=O)(=O)Oc2ccc(S(=O)(=O)Nc3ccc([N+](=O)[O-])cc3[N+](=O)[O-])cc2)cc1,7.15
Cc1ccc([N+](=O)[O-])cc1S(=O)(=O)NC(=O)N[C@@H]1COC[C@@H]1Cc1ccnc2ccccc12,6.36
O=[N+]([O-])c1ccc(OS(=O)(=O)c2ccc(S(=O)(=O)Oc3ccc4cc(C=NO)ccc4c3)cc2)c(Cl)c1,6.1
O=C(C[C@H]1CC2(CCN(S(=O)(=O)c3ccc(C=C[N+](=O)[O-])cc3[N+](=O)[O-])CC2)c2ccccc21)c1ccc(C2CC2)cc1,8.2
CC[C@@]1(c2noc(-c3ccc(S(=O)c4ccc(C)cc4)cc3)n2)CCCN(C(=O)c2cc([N+](=O)[O-])cc([N+](=O)[O-])c2)C1,6.65
Nc1ccc([N+](=O)[O-])cc1S(=O)(=O)Nc1ccc(C=C[N+](=O)[O-])cc1[N+](=O)[O-],4.88
O=C(c1cc([N+](=O)[O-])cc([N+](=O)[O-])c1)c1cc([N+](=O)[O-])cc(S(=O)(=O)Nc2ccc3ccccc3c2[N+](=O)[O-])c1,6.35
O=[N+]([O-])c1ccc(S(=O)(=O)Nc2ccc(NS(=O)(=O)c3ccccc3[N+](=O)[O-])cc2)c([N+](=O)[O-])c1,6.28
O=C(Cn1nc2ccc(-c3ccc([N+](=O)[O-])c([N+](=O)[O-])c3)nn2c1=O)Nc1cc(C=C[N+](=O)[O-])cc([N+](=O)[O-])c1,7.88
O=[N+]([O-])c1ccc(S(=O)(=O)c2ccc(-c3ccc(C4CC4)cc3)cc2)c([N+](=O)[O-])c1,7.34
Cc1c([N+](=O)[O-])cc(C(=O)C2C(c3ccccc3)C2[N+](=O)[O-])cc1[N+](=O)[O-],6.59
CC1=NN(C)c2nc3c(c(=O)n(CC4CO4)c(=O)n3C)n2[C@H]1C,4.63
O=C(c1ccc(N=Cc2cc([N+](=O)[O-])ccc2O)cc1)c1ccc([N+](=O)[O-])cc1,6.76
O=C(Cn1c(S(=O)(=O)Cc2ccc(Cc3ccc([N+](=O)[O-])cc3)cc2)nc2ccccc21)Nc1ccc([N+](=O)[O-])cc1,4.67
CC(NC(c1ccccc1)(c1ccccc1)c1ccc([N+](=O)[O-])c([N+](=O)[O-])c1)c1ccccc1,6.88
CC(=Cc1cc(S(=O)(=O)Nc2ccc([N+](=O)[O-])cc2)cc(S(=O)(=O)n2ccc3cc([N+](=O)[O-])ccc32)c1)[N+](=O)[O-],7.98
O=C(CNS(=O)(=O)c1ccc(C(N=C=S)c2cc([N+](=O)[O-])cc([N+](=O)[O-])c2)cc1[N+](=O)[O-])N1CC(S(=O)(=O)C2CCCCC2)C1,5.06
O=C1CCc2cc(-c3csc(Cc4nnc5n4CCCCC5)n3)ccc2N1,6.83
Cc1ccc(N2C(=O)CN(Cc3ccc(-c4cc[n+]([O-])cc4)cc3)[C@@H]3CS(=O)(=O)C[C@@H]32)cc1[N+](=O)[O-],7.76
CN1C(=S)N(C2CCCCC2)C(=O)/C1=C/c1cc(C=Cc2ccc([N+](=O)[O-])cc2S(=O)(=O)O)ccc1-c1ccccc1,8.33
O=[N+]([O-])c1ccc(S(=O)(=O)c2ccc(S(=O)(=O)Nc3ccc([N+](=O)[O-])c4ccccc34)cc2)c([N+](=O)[O-])c1,6.45
O=[N+]([O-])c1ccc(Nc2ccc(Nc3ccc(Cl)cc3[N+](=O)[O-])cc2[N+](=O)[O-])cc1,7.24
O=Nc1ccc(S(=O)Nc2cccc(S(=O)(=O)Nc3ccc([N+](=O)[O-])cc3[N+](=O)[O-])c2)cc1,6.51
O=[N+]([O-])c1cc(Cc2cc([N+](=O)[O-])ccc2S(=O)c2ccc(C3CC3)cc2)cc(S(=O)O)c1,7.05
CC(=Cc1cc(C=NS(=O)(=O)c2ccc(C=C([N+](=O)[O-])[N+](=O)[O-])cc2)cc([N+](=O)[O-])c1)[N+](=O)[O-],7.34
O=[N+]([O-])O[C@H]1CCCCc2cc([N+](=O)[O-])c([N+](=O)[O-])cc21,5.97
Cc1ccc(S(=O)(=O)c2ccc([N+](=O)[O-])cc2[N+](=O)[O-])cc1,6.95
O=[N+]([O-])c1ccc(S(=O)(=O)c2ccc(-n3cccc3)cc2[N+](=O)[O-])c([N+](=O)[O-])c1,7.6
O=[N+]([O-])c1ccc([N+](=O)[O-])c(NS(=O)(=O)c2ccc([N+](=O)[O-])cc2[N+](=O)[O-])c1,7.34
O=S(=O)(c1ccc(S(=O)(=O)N2CCC(c3cc(C(F)F)n4ncnc4n3)CC2)cc1)N(Cl)Cl,6.59
O=[N+]([O-])c1ccc(S(=O)(=O)Nc2ccc(S(=O)(=O)Oc3cccc4ccccc34)cc2)c([N+](=O)[O-])c1,6.71
O=[N+]([O-])c1ccc(S(=O)(=O)N=Cc2cc(C=Cc3ccc([N+](=O)[O-])cc3[N+](=O)[O-])cc([N+](=O)[O-])c2)cc1,9.19
O=[N+]([O-])c1ccc(CP(=O)(c2ccccc2)c2ccc(C3C(c4ccc([SH](=O)=O)cc4)C3(Cl)Cl)cc2)cc1,7.95
O=C1c2ccccc2C(=O)c2c1c(C(=O)c1ccccc1)c1ccccn21,6.08
Nc1ccc(-c2cccc(C=NC3CCN(c4nccn5nc6c(c45)CCCC6)CC3)c2)cc1[N+](=O)[O-],6.96
O=[N+]([O-])Nc1ccc(S(=O)(=O)c2ccc([N+](=O)[O-])cc2[N+](=O)[O-])cc1,7.37
CCn1ccc2cc(NC(=O)C3CCN(S(=O)(=O)Nc4ccc([N+](=O)[O-])cc4)CC3)ccc21,6.25
O=C(Cn1c(C2CC2)nc2ccccc21)c1ccc(S(=O)(=O)c2ccc([N+](=O)[O-])cc2[N+](=O)[O-])cc1,6.66
O=[N+]([O-])c1cc(S(=O)(=O)N(c2ccccc2[N+](=O)[O-])S(=O)(=O)c2ccccc2)ccc1Cl,6.3
Cc1ccc(C=Cc2cc(Cl)cc(Cl)c2)cc1S(=O)(=O)Nc1ccc(OS(=O)(=O)c2ccc([N+](=O)[O-])cc2)cc1,6.97
Cc1ncc(-c2ccccn2)c(CN(c2ccccc2)S(=O)(=O)c2ccc(C=C[N+](=O)[O-])cc2[N+](=O)[O-])n1,6.19
c1ccc(C2(Cn3ccc4ccccc43)OCCO2)cc1,4.6
O=C(Nc1cc([N+](=O)[O-])ccc1Cl)[C@@H]1CCN(c2ccc(C3SCCCS3)cn2)C1,7.79
O=[N+]([O-])c1ccc(C=[N+]([O-])c2ccccc2)cc1Sc1nnc(-c2cccnc2)s1,6.86
O=[N+]([O-])c1ccc(Nc2ccc(S(=O)(=O)c3ccc([N+](=O)[O-])cc3[N+](=O)[O-])cc2)nc1,7.23
Cc1cc(S(=O)(=O)N2CC2c2ccc(C(=O)c3cc([N+](=O)[O-])cc([N+](=O)[O-])c3)cc2)ccc1NC=O,6.81
O=C(c1ccccc1)C1C(c2ccc(N3CCN(c4ccc(S(=O)(=O)Sc5cccc(Cl)c5)cc4)CC3)cc2)C1[N+](=O)[O-],6.85
O=[N+]([O-])c1cc([N+](=O)[O-])c(S(=O)(=O)c2ccc(P(=O)(Cl)Cl)cc2)c([N+](=O)[O-])c1,7.11
CC(=Cc1cc(CC(=O)[N+](=O)[O-])cc(S(=O)(=O)Oc2ccc(-c3ccc([N+](=O)[O-])cc3)cc2)c1)[N+](=O)[O-],8.47
O=c1c2ccccc2c(O)nn1CCOS(=O)(=O)c1ccc(-c2ccc(C3NCCS3)cc2)cc1,4.88
O=[N+]([O-])c1ccc(C(c2ccccc2)c2ccc([N+](=O)[O-])cc2)cc1,7.98
O=NN(O)c1ccc(S(=O)(=O)c2ccc([N+](=O)[O-])cc2[N+](=O)[O-])cc1,7.41
Cc1ccc(C2=C(c3ccccc3)C2C(=O)Nc2ccc([N+](=O)[O-])cc2[N+](=O)[O-])cc1,7.06
Cc1ccc(S(=O)(=O)Nc2cc([N+](=O)[O-])cc([N+](=O)[O-])c2)cc1NS(=O)(=O)c1ccc([N+](=O)[O-])cc1,6.93
CC(=Cc1cc(N=O)cc(NS(=O)(=O)c2ccc([N+](=O)[O-])cc2[N+](=O)[O-])c1)[N+](=O)[O-],7.84
Cc1cccc(C=[N+]([O-])c2ccc(CS(=O)(=O)c3ccc([N+](=O)[O-])cc3[N+](=O)[O-])cc2)c1,7.09
Cc1c(NS(=O)(=O)c2ccc([N+](=O)[O-])cc2)cccc1C(=O)Nc1cc(Cl)ccc1[N+](=O)[O-],6.37
O=[N+]([O-])c1ccc(S(=O)(=O)Oc2ccc(-c3ccccc3)cc2)cc1,7.13
O=[N+]([O-])c1ccc(CNc2cccc(S(=O)(=O)c3ccc(C4CC4)cc3)c2)c([N+](=O)[O-])c1,5.86
O=c1[nH]c2ccccc2nc1-c1ccccc1Nc1ccc(Oc2ccc([N+](=O)[O-])cc2Cl)cc1[N+](=O)[O-],7.87
O=[N+]([O-])c1cc([N+](=O)[O-])cc(S(=O)(=O)Oc2ccc(Nc3ccc([SH](=O)=O)cc3)cc2)c1,7.43
Cc1ccc([N+](=O)[O-])cc1S(=O)(=O)Nc1ccc([N+](=O)[O-])cc1[N+](=O)[O-],6.83
Cc1ccc(S(=O)(=O)Nc2ccc(-c3ccc(N)cc3)cc2[N+](=O)[O-])cc1[N+](=O)[O-],6.02
CC1C(C)C(c2cccc(S(=O)(=O)c3ccc([N+](=O)[O-])cc3[N+](=O)[O-])c2)C1c1cccc([N+](=O)[O-])c1,7.93
Cc1ccc(NC(=N)c2ccc(S(=O)(=O)C=C(c3ccccc3)c3ccc([N+](=O)[O-])cc3)cc2)cc1,7.36
O=C(C1CC1(c1ccccc1)c1ccccc1)N1CCc2ccccc2C1,6.19
C[N+]([O-])=Cc1ccc(CN2OCC(S(=O)(=O)c3cccc([N+](=O)[O-])c3)C2c2ccccc2)cc1,6.35
Cc1ccc(S(=O)(=O)c2ccc([N+](=O)[O-])cc2[N+](=O)[O-])c([N+](=O)[O-])c1,7.24
CS(=O)(=O)N1CC[C@H](C(=O)Nc2cc([N+](=O)[O-])ccc2Cl)Oc2ccc(C=C[N+](=O)[O-])cc21,7.43
O=[N+]([O-])c1ccc(S(=O)(=O)Nc2ccc(C3CN3S(=O)(=O)c3ccc4c(c3)OCCCO4)cc2)c([N+](=O)[O-])c1,7.58
CCN(Cc1nc2cc([N+](=O)[O-])c([N+](=O)[O-])cc2c(=O)[nH]1)C(=O)C1CC1(c1ccccc1)c1ccccc1,6.23
Cc1cc(S(=O)S(=O)c2ccc(CN(C(=O)c3cc(=O)c4ccc(C=NO)cc4o3)S(=O)(=O)c3ccccc3)cc2)ccc1N=O,5.51
CC(c1ccccc1)(c1ccccc1)c1ccc(Nc2ccc(Nc3ccccc3[N+](=O)[O-])cc2S(=O)(=O)O)cc1,6.89
Cc1ccc(S(=O)(=O)c2cccc(S(=O)(=O)c3ccc4c(c3)CCC4)c2)cc1,6.3
O=[N+]([O-])c1cc([N+](=O)[O-])cc(S(=O)(=O)Nc2ccc([N+](=O)[O-])cc2Cl)c1,7.25
Cc1cccc(NCc2ccc(SCC3(c4ccc([N+](=O)[O-])cc4)OOC4CC3CCC4(C)O)cc2)c1,6.28
Cc1ccc(C=Cc2cc(C=NO)cc(S(=O)O)c2)cc1Nc1ccc(S)cc1,4.98
CC(c1ccccc1)(c1ccc(S(=O)(=O)F)cc1)c1ccc(S(=O)(=O)Nc2cccc3ccccc23)cc1,8.05
O=[N+]([O-])c1ccc(NS(=O)(=O)c2ccc(S(=O)(=O)N3CC3c3ccc(S(=O)(=O)O)cc3)cc2)cc1,6.88
Cc1ccc(S(=O)C(c2ccc(C=C[N+](=O)[O-])cc2)c2ccc(S(=O)(=O)O)cc2)cc1,7.27
O=C(Nc1c(Nc2ccc(-n3ccnc3)cc2)nc(SCc2ccc(CC(=O)[N+](=O)[O-])cc2)[nH]c1=O)c1ccc([SH](=O)=O)cc1,5.7
Nc1ccc(C(=C2C=CC=C2)c2ccc(Sc3ccc(Cl)cc3[N+](=O)[O-])cc2)cc1,7.29
O=[N+]([O-])c1ccc(S(=O)(=O)Nc2ccc(Br)cc2[N+](=O)[O-])c([N+](=O)[O-])c1,6.06
O=C1COc2ccc(Sc3ccc([N+](=O)[O-])cc3)cc2CN1Cc1ccc([N+](=O)[O-])c([N+](=O)[O-])c1,6.6
CS(=O)c1ccc(CN2CC=CCC3(CCN(S(=O)(=O)c4ccc([N+](=O)[O-])cc4[N+](=O)[O-])CC3)C2=O)cc1,6.99
O=[N+]([O-])c1cc(-n2cccc2)ccc1S(=O)(=O)c1ccc(S(=O)(=O)Nc2ccc(Cl)cc2)cc1,6.94
Cc1ccccc1S(=O)(=O)Oc1ccc(N=Cc2ccc([N+](=O)[O-])cc2)cc1,6.67
Cc1ccc([N+](=O)[O-])cc1S(=O)(=O)Nc1ccc(Nc2ccc([N+](=O)[O-])cc2)c(S(=O)(=O)O)c1,7.08
Cc1ccc(CN(Cc2ccccc2)C(c2ccccc2)(c2ccccc2)c2ccc([N+](=O)[O-])cc2)cc1,6.55
O=[N+]([O-])c1ccc([N+](=O)[O-])c(S(=O)(=O)Oc2ccc3ccccc3c2)c1,7.15
N=S(c1ccc([N+](=O)[O-])cc1[N+](=O)[O-])c1ccc([N+](=O)[O-])cc1[N+](=O)[O-],6.21
O=[N+]([O-])c1ccc(S(=O)(=O)N2CCN(S(=O)(=O)c3ccc4ccccc4c3)CC2)c([N+](=O)[O-])c1,8.88
N#Cc1cnc2c(c1-c1ccc(Sc3ccc(N)cc3)cc1[N+](=O)[O-])Cc1c-2cccc1[N+](=O)[O-],7.18
CS(=O)(=O)Nc1ccc2oc(=O)c(C(=O)Oc3ccc([N+](=O)[O-])cc3[N+](=O)[O-])cc2c1,6.78
O=[N+]([O-])c1ccc(S(=O)(=O)Oc2ccc(S(=O)(=O)Cc3ccc(S(=O)(=O)Oc4ccccc4[N+](=O)[O-])cc3)cc2)c([N+](=O)[O-])c1,8.25
CC(c1ccccc1)c1ccc(C(C)(c2ccccc2)c2ccc([N+](=O)[O-])cc2)cc1,7.39
CN(c1ccccc1N(CC(=O)NCc1cccc2ccccc12)S(C)(=O)=O)S(=O)(=O)c1ccc([N+](=O)[O-])cc1,6.15
O=[N+]([O-])c1ccc(S(=O)(=O)c2ccc([N+](=O)[O-])cc2[N+](=O)[O-])c([N+](=O)[O-])c1,7.18
O=S(=O)(Nc1nc2cc(CN=C=S)ccc2s1)c1ccc(C=[N+]([O-])c2ccccc2)cc1,7.56
CS(=O)(=O)N1CCc2cc(S(=O)(=O)c3ccc([N+](=O)[O-])cc3[N+](=O)[O-])ccc21,8.21
O=C(Nc1ccc([N+](=O)[O-])cc1NS(=O)(=O)c1ccccc1)c1cccc(-n2ccnc2)c1,6.53
O=[N+]([O-])c1cc([N+](=O)[O-])cc(S(=O)(=O)Nc2ccc(Nc3cccc(Br)c3)c([N+](=O)[O-])c2)c1,7.54
C[C@@H]1C(=O)O[C@@H]2C[C@@H](C)[C@H]3C=CC(=O)[C@]3(C)[C@H](OC(=O)NNS(=O)(=O)c3cccc([N+](=O)[O-])c3)[C@@H]12,5.9
Nc1cc(C(=O)c2ccc(Cn3c(=O)c4ccccc4n(CC(=O)Nc4cc([N+](=O)[O-])cc([N+](=O)[O-])c4)c3=O)cc2)ccc1[N+](=O)[O-],5.69
CC(C)n1c([C@@H](NC(=O)c2cc(C=C[N+](=O)[O-])cc(C=C[N+](=O)[O-])c2)C(C)[N+](=O)[O-])nc2ccccc21,6.6
Cn1cc(N2C(=O)C[C@H]3[C@H]2CCN3C(=O)c2ccccc2[N+](=O)[O-])cn1,6.4
Cc1cccc(S(=O)c2ccccc2Cn2c(=O)c3cccnc3n(Cc3ccc(S(=O)(=O)n4cccc4)cc3)c2=O)c1C,6.37
O=C(CCC(=O)Nc1cc([N+](=O)[O-])ccc1Cl)Nc1cc(Cl)cc([N+](=O)[O-])c1,6.91
Cc1sc2c(c1C)c(=O)n(-c1cccc([N+](=O)[O-])c1)c(=O)n2CC(=O)Nc1cc([N+](=O)[O-])cc([N+](=O)[O-])c1,7.2
O=Nc1ccc(-c2ccc(OS(=O)(=O)c3ccc([N+](=O)[O-])cc3)cc2)cc1,8.2
O=[N+]([O-])c1cccc(NC(=NS(=O)(=O)c2ccc([N+](=O)[O-])cc2[N+](=O)[O-])c2ccc(Cl)cc2)c1,6.68
Nc1ccc(C(c2ccccc2)(c2ccccc2)c2ccc(Br)cc2)cc1,6.14
CSc1ccc([N+](=O)[O-])cc1NC(=O)C1C(c2ccc(OS(=O)(=O)O)cc2)=C1c1ccc(C(Cl)Cl)cc1,7.03
O=[N+]([O-])c1ccc(S(=O)(=O)N2CCN(S(=O)(=O)c3ccccc3[N+](=O)[O-])CC2)c([N+](=O)[O-])c1,7.38
O=[N+]([O-])c1ccc(S(=O)(=O)c2ccc(Cl)cc2[N+](=O)[O-])c([N+](=O)[O-])c1,6.9
Cc1ccc(S(=O)(=O)N2CCC[C@@H]2C(=O)Nc2ccccc2OS(=O)(=O)c2cccc([N+](=O)[O-])c2)cc1,7.35
O=[N+]([O-])c1cc(Cl)ccc1S(=O)(=O)c1ccc(-c2ccc(Br)cc2)cc1,7.24
O=C(NCc1ccc(S(=O)Cc2ccc(Cl)cc2)cc1)c1ccccc1S(=O)(=O)c1ccc(Cl)cc1[N+](=O)[O-],5.62
Cc1cc(CC(=O)Nc2ccc(C[N+]([O-])=Cc3ccc(C4CO4)cc3)cc2)ccc1C=C[N+](=O)[O-],6.53
O=[N+]([O-])c1ccc(S(=O)(=O)c2ccc(C=Cc3ncc(-c4cc([N+](=O)[O-])no4)c(-c4cccnc4)n3)cc2)cc1,7.51
CC=Cc1ccc(Cn2c(SCC(=NO)c3ccc(-c4ccc(C(=N)NC#N)cc4)cc3)nnc2-c2cccnc2)cc1,5.79
O=C(Nc1ccc([N+](=O)[O-])cc1[N+](=O)[O-])C1C(c2ccccc2)=C1c1ccccc1,7.92
Nc1cc(Sc2ccc(C3CC(c4ccccc4)=NN3)cc2)ccc1[N+](=O)[O-],5.58
O=[N+]([O-])c1cccc(S(=O)(=O)N2CCN(S(=O)(=O)c3ccc([N+](=O)[O-])cc3[N+](=O)[O-])CC2)c1,7.74
C#Cc1ccc(-c2ccc(S(=O)(=O)c3ccc([N+](=O)[O-])cc3[N+](=O)[O-])cc2)cc1,7.59
c1ccc(Cc2ccc(Nc3ccc(-n4cccn4)cc3)cc2)cc1,5.65
Nc1cc(C(=O)N2CC(S(=O)(=O)c3ccc(-c4ccc([N+](=O)[O-])cc4)cc3)C2)no1,7.32
CC(C(=O)Nc1cc(C=C[N+](=O)[O-])cc(C=C[N+](=O)[O-])c1)N1C(=O)c2ccccc2C1=O,6.43
Cc1ccc(S(=O)(=O)Nc2cc3ccccc3cc2NS(=O)(=O)c2ccc([N+](=O)[O-])cc2)cc1,6.33
Nc1ccc(-c2ccc(Nc3ccc(NS(=O)(=O)c4ccc5ccccc5c4)cc3)cc2)cc1,5.89
NC(=O)c1nc(-c2ccccc2[N+](=O)[O-])nc2c1[nH]c(=O)n2C1CCCCC1,5.28
C[C@]12C[C@@H]3CN(C(=O)c4ccccc4[N+](=O)[O-])C1CCC[C@@H]2N3C=O,5.63
C=Cc1ccc(P(c2ccc(C=C)cc2)c2ccc([N+](=O)[O-])c([N+](=O)[O-])c2)cc1,6.92
O=C(c1cc(Oc2ccc([N+](=O)[O-])cc2)cc([N+](=O)[O-])c1)N1CC[C@H]2[C@H](CCC(=O)N2Cc2ccccc2)C1,7.06
N#Cc1cc([N+](=O)[O-])ccc1Oc1ccc(S(=O)(=O)c2ccc(-c3ccccc3[N+](=O)[O-])cc2)cc1,7.89
CN(N=O)c1ccc(C(c2ccc(C(C(=O)O)C3(O)CCCC3)cc2)c2ccccc2Cc2cc(Cl)cc(Cl)c2O)cc1,6.12
O=C1CCSc2ccc3c(c2N1)C(=O)c1ccccc1C3=O,5.87
Cc1ccccc1C(=O)Nc1ccccc1Br,5.16
Cn1ccc2c1CN(Cc1ccccc1)Cc1cn(-c3ccccc3)nc1-2,5.49
COC(=O)C(=Cc1ccc(Cl)cc1Cl)c1ccccc1,4.35
O=[N+]([O-])c1ccc(S(=O)OC23CC4CC(CC(C4)C2)C3)cc1,6.8
Cc1ccc(S(=O)(=O)NC(=O)Nc2ccc(F)cc2F)cc1,5.65
Cc1ccc(Oc2ncccc2CNC(=O)c2ccccc2Cl)cn1,5.22
O=Nc1ccc(NOC(=O)c2ccccc2F)cc1,5.12
O=C(CSc1nnc(C2CCCCC2)n1-n1cccc1)Nc1cc([N+](=O)[O-])ccc1Cl,5.64
CC(=O)Nc1cccc(NC(=O)c2cc(C(=O)Nc3ccc([SH](=O)=O)cc3)cc([N+](=O)[O-])c2)c1,7.55
O=C(OCc1cccc([N+](=O)[O-])c1)c1cc2ccccc2oc1=O,6.8
COCCN1C(=O)CO[C@@H]2CN(C(=O)Oc3cccc([N+](=O)[O-])c3)C[C@H]21,5.03
Cc1c(Nc2ccccc2-c2cc(C(=O)Nc3ccc(I)cc3)c3ccccc3n2)cccc1[N+](=O)[O-],7.0
Nc1ccc(Nc2ccc(NC(=O)c3cc(C=C[N+](=O)[O-])cc([N+](=O)[O-])c3)cc2S(=O)(=O)C2CO2)cc1,5.34
O=C1CC2(CCN(C(c3ccccc3)(c3ccccc3)c3ccccc3)CC2)Oc2ccc(S(=O)(=O)C3CC3)cc21,6.8
CS(=O)(=O)N1[C@H]2CC[C@@H]1CC(NC(=O)c1cc([N+](=O)[O-])cc([N+](=O)[O-])c1)C2,7.59
Cc1ccc(SS(=O)(=O)c2ccc([N+](=O)[O-])cc2)cc1[N+](=O)[O-],6.91
O=[N+]([O-])c1ccc(S(=O)(=O)Nc2ccc3ccccc3c2[N+](=O)[O-])c([N+](=O)[O-])c1,7.64
Cn1c(=O)c(C(=O)COC(=O)C[C@@H]2Sc3ccccc3NC2=O)c(N)n(CCC#N)c1=O,3.51
CN1C2=C(C(=O)CCC2)C(c2cccc([N+](=O)[O-])c2)C2=C1CCCC2=O,7.71
C=CC(=O)Nc1cccc(NC(=S)NC(=O)c2ccccc2Cl)c1,5.08
CC(C(=O)Nc1ccc(C2C(c3ccc(S(=O)(=O)F)cc3)C2(Cl)Cl)cc1)N1C(=O)c2ccccc2C1=O,6.26
Cc1ccc(CSc2nc3ccc([N+](=O)[O-])cc3nc2Cl)cc1,5.24
O=C(C1=C(O)C(=O)N(c2nccs2)[C@@H]1c1ccccc1[N+](=O)[O-])c1ccco1,5.41
O=S(O)c1cc(Cl)cc(Cl)c1O,3.46
O=[N+]([O-])c1ccc(S(=O)(=O)Oc2ccc([N+](=O)[O-])cc2Cl)cc1,6.91
O=C(c1cc([N+](=O)[O-])cc([N+](=O)[O-])c1)C1OC1c1cc([N+](=O)[O-])ccc1Br,7.58
Cc1ccc(S(=O)C(c2ccccc2)c2ccc(S(=O)(=O)c3ccc(C(=O)Cn4cncn4)cc3)cc2)cc1,6.53
O=C(OCc1ccc(Cl)cc1Cl)c1ccc(S(=O)(=O)c2ccc([N+](=O)[O-])cc2[N+](=O)[O-])cc1,6.79
O=[N+]([O-])c1ccc(C(=NS(=O)(=O)c2ccccc2[N+](=O)[O-])NS(=O)(=O)c2ccccc2[N+](=O)[O-])cc1,7.54
O=[N+]([O-])c1ccc(S(=O)(=O)O)c([N+](=O)[O-])c1,4.84
O=[N+]([O-])c1ccc(S(=O)(=O)N2CCN(S(=O)(=O)c3ccc([N+](=O)[O-])cc3[N+](=O)[O-])CC2)cc1,7.99
O=[N+]([O-])c1ccc(S(=O)(=O)Cc2ccc(S(=O)(=O)c3ccc(S(=O)(=O)N4CCCCCC4)cc3)cc2)c([N+](=O)[O-])c1,7.89
O=[N+]([O-])c1cc(S(=O)(=O)Nc2cc(Br)c(NS(=O)(=O)c3ccccc3)cc2Br)ccc1Cl,6.55
O=[N+]([O-])c1cccc(S(=O)(=O)Oc2ccc(OS(=O)(=O)c3ccc([N+](=O)[O-])cc3[N+](=O)[O-])cc2)c1,7.33
Cc1ccc([N+](=O)[O-])cc1N1N=C(C(=O)NCC(=O)Oc2cc([N+](=O)[O-])cc([N+](=O)[O-])c2)CCC1=O,6.99
O=C1CSC(c2ccc(C(c3ccc([N+](=O)[O-])cc3)(c3cccc(S(=O)(=O)F)c3)n3nnc4ccccc43)cc2)=N1,8.05
O=[N+]([O-])c1ccc(S(=O)(=O)Nc2cc3ccccc3cc2NS(=O)(=O)c2ccc([N+](=O)[O-])cc2[N+](=O)[O-])c([N+](=O)[O-])c1,6.41
Cn1c(=O)c2ccccc2n2c(SCc3cc([N+](=O)[O-])cc([N+](=O)[O-])c3)nnc12,6.59
CN1CCCc2cc(C(=C[N+](=O)[O-])c3cc([N+](=O)[O-])cc([N+](=O)[O-])c3)ccc21,7.06
O=[N+]([O-])c1ccc(C=[N+]([O-])C2CCCCC2[N+]([O-])=Cc2ccccc2)cc1,6.35
Cc1c(C(=O)NS(=O)(=O)c2cc(C=C[N+](=O)[O-])ccc2S(=O)(=O)O)sc2ncn(C3CCCC3)c(=O)c12,6.99
O=S(=O)(O)Sc1ccc(C2(O)C3CC=CC3C2(c2ccccc2)c2ccc(S(=O)(=O)Cl)cc2)cc1,6.23
CC1C(=N)C(C)C(c2ccc(C=CC(=O)c3cccc([N+](=O)[O-])c3)cc2)NC1c1ccccc1,8.3
Cn1c(SCc2cccc([N+](=O)[O-])c2)nc2cc(S(=O)(=O)Oc3ccc(C=C[N+](=O)[O-])cc3)ccc21,7.37
O=C(NC[C@H]1CCOc2ccccc2C1)c1ccc([N+](=O)[O-])c(CS(=O)(=O)c2ccc([N+](=O)[O-])cc2[N+](=O)[O-])c1,6.86
O=C1c2oc3ccc(S(=O)O)cc3c(=O)c2[C@@H](c2ccc(C3C=CS(=O)(=O)C3)cc2)N1Cc1ccccc1,7.2
O=C1C2C(c3ccccc3)NC(c3ccccc3)C1C(c1ccccc1)NC2c1ccccc1,6.11
Nc1ccc(C2C(c3ccc(S(=O)O)cc3)C2(Cl)Cl)cc1,5.06
CC(C)c1cc([N+](=O)[O-])ccc1NC(=O)c1cc(=O)c2ccc(Nc3ccccc3)cc2o1,6.32
O=[N+]([O-])C=Cc1ccc(S(=O)C(c2ccc(Cl)cc2)c2ccc(S(=O)(=O)N(Cl)Cl)cc2)cc1,5.89
O=[N+]([O-])C(=Cc1cc([N+](=O)[O-])cc(S(=O)(=O)Nc2ccc([N+](=O)[O-])cc2[N+](=O)[O-])c1)[N+](=O)[O-],6.56
Cc1ccc(Cl)cc1S(=O)(=O)Oc1cc(C=Cc2ccc(N)cc2[N+](=O)[O-])cc(OS(=O)(=O)c2ccc(Cl)cc2Cl)c1,6.59
O=C(Nc1ccc([N+](=O)[O-])cc1)OCC(=O)N(c1c(Cl)cccc1[N+](=O)[O-])[C@H](C(=O)Nc1cc([N+](=O)[O-])ccc1C(=O)O)c1ccccc1,5.65
O=[N+]([O-])c1ccc(S(=O)(=O)c2ccc([N+](=O)[O-])cc2[N+](=O)[O-])c([N+](=O)[O-])c1,7.33
O=c1cc(Cl)c2cc(NS(=O)(=O)c3ccc([N+](=O)[O-])cc3[N+](=O)[O-])c(Cl)cc2o1,7.06
O=C(NCc1cccc2ccccc12)C1CCN(S(=O)(=O)c2ccc([N+](=O)[O-])cc2[N+](=O)[O-])CC1,5.3
CC1(c2ncc([N+](=O)[O-])s2)CCN(S(=O)(=O)c2ccc([N+](=O)[O-])cc2[N+](=O)[O-])CC1,6.55
O=[N+]([O-])c1ccc(S(=O)(=O)N2CCN(C(c3ccccc3)(c3ccccc3)c3ccccc3)CC2)c([N+](=O)[O-])c1,6.24
O=[N+]([O-])c1ccc(S(=O)(=O)c2ccc(NS(=O)(=O)c3cc(Br)cc(Br)c3)cc2)c([N+](=O)[O-])c1,6.42
O=[N+]([O-])c1ccc(S(=O)(=O)Nc2ccc(Br)cc2[N+](=O)[O-])c([N+](=O)[O-])c1,7.08
Nc1ncc(-c2cc(N=O)no2)c([C@H]2CC[C@H](C(=O)Nc3cc(S(=O)(=O)c4cccs4)ccc3[N+](=O)[O-])CC2)n1,8.45
Cc1ccc(S(=O)(=O)c2ccc([N+](=O)[O-])cc2[N+](=O)[O-])c([N+](=O)[O-])c1,6.93
O=C1OCCC1(c1ccccc1)c1ccc(S(=O)(=O)c2ccc([N+](=O)[O-])cc2[N+](=O)[O-])cc1,7.5
CSc1nc2ccsc2c(=O)n1CC(=O)Nc1ccc([N+](=O)[O-])cc1[N+](=O)[O-],6.52
Cc1c(C(=O)O)sc2ncn3nc(COc4ccc(S(=O)(=O)c5ccc([N+](=O)[O-])cc5)cc4)nc3c12,4.49
O=c1c2ccccc2oc2nc(-c3ccccc3[N+](=O)[O-])n(CCc3ccc(S(=O)(=O)S(=O)(=O)c4ccc(Cl)cc4)cc3)c(=O)c12,7.56
O=[N+]([O-])c1ccc(OP(=O)(Oc2ccc([N+](=O)[O-])cc2)Oc2ccccc2S(=O)(=O)O)cc1,6.77
Cc1ccc([N+](=O)[O-])cc1S(=O)(=O)Nc1ccc(S(=O)(=O)Oc2ccc([N+](=O)[O-])cc2)cc1,7.19
Cc1ccc(S(=O)(=O)Oc2cc([N+](=O)[O-])cc(S(=O)(=O)Oc3ccc([N+](=O)[O-])cc3)c2)cc1,7.1
O=[N+]([O-])c1ccc(S(=O)(=O)c2ccc3ccccc3c2)c([N+](=O)[O-])c1,7.82
O=[N+]([O-])c1ccc(S(=O)(=O)c2ccc3c(c2)CCCN3S(=O)(=O)c2ccccc2[N+](=O)[O-])cc1,7.13
O=C(Cn1c(=O)n(Cc2ccc3c(c2)OCO3)c(=O)c2sccc21)c1ccc([N+](=O)[O-])c([N+](=O)[O-])c1,5.95
O=[N+]([O-])c1ccc(NS(=O)(=O)c2ccc([N+](=O)[O-])cc2[N+](=O)[O-])c([N+](=O)[O-])c1,7.97
O=c1cc(-c2ccc(S(=O)(=O)OCOS(=O)(=O)c3ccc(S(=O)C4OC4c4ccc([N+](=O)[O-])cc4)cc3)cc2)[nH]o1,6.73
C=CCn1/c(=N\C(=O)c2ccc(S(=O)(=O)c3ccc([N+](=O)[O-])cc3[N+](=O)[O-])cc2)sc2cccc([N+](=O)[O-])c21,7.44
O=C(ON=Cc1ccc(Nc2ccc([N+](=O)[O-])cc2[N+](=O)[O-])c(S(=O)(=O)C2CO2)c1)c1cc([N+](=O)[O-])ccc1Cl,8.17
Cc1ccc(CN2OCC(S(=O)(=O)c3ccc(C4C(C(=O)O)C(c5ccc(Br)cc5)C4C(=O)O)cc3)C2c2ccccc2)cc1,6.28
O=C1c2ccccc2S(=O)(=O)N1Cc1cccc([N+](=O)[O-])c1,6.42
O=Nc1ccc(S(=O)(=O)c2ccc(Cl)cc2[N+](=O)[O-])c([N+](=O)[O-])c1,6.89
O=[SH](=O)c1ccc(S(=O)(=O)C2(S(=O)(=O)c3ccc(S(=O)(=O)Cl)cc3)CCCC2)cc1,7.24
O=Nc1ccc(S(=O)(=O)c2ccc([N+](=O)[O-])cc2[N+](=O)[O-])c([N+](=O)[O-])c1,7.17
O=[N+]([O-])c1ccc(S(=O)(=O)Nc2ccc(Cl)cc2Br)c([N+](=O)[O-])c1,6.46
Cc1ccc(S(=O)(=O)C(c2ccc3ccccc3n2)S(=O)(=O)c2ccc([N+]([O-])=Cc3cccc(Br)c3)cc2)cc1,8.06
CN(c1cccc(S(=O)(=O)NCc2nc(-c3cc(C4CC4)on3)no2)c1)S(=O)(=O)c1ccc([N+](=O)[O-])cc1[N+](=O)[O-],6.54
CC(=O)Nc1cc([N+](=O)[O-])c(S(=O)(=O)O)cc1NS(=O)(=O)c1ccc(Br)cc1,5.54
C[C@H]1O[C@H](n2ccc(=O)[nH]c2=O)C[C@@H]1O,3.92
O=[N+]([O-])c1ccc(S(=O)(=O)Nc2ccc3ccccc3c2[N+](=O)[O-])c([N+](=O)[O-])c1,7.11
O=[N+]([O-])c1ccc(S(=O)(=O)c2ccc(OS(=O)(=O)c3ccc(Cl)c([N+](=O)[O-])c3)cc2)c([N+](=O)[O-])c1,8.27
O=[N+]([O-])c1ccc(C2OCC3C(c4cc(Br)cc(C=Cc5cc(Cl)cc(Cl)c5)c4)OCC23)cc1[N+](=O)[O-],7.6
Cc1cc(S(=O)(=O)Oc2ccc(C3CCCCC3O)cc2)c([N+](=O)[O-])cc1[N+](=O)[O-],6.59
O=C(Cl)c1ccc(S(=O)(=O)Oc2ccc(S(=O)(=O)c3ccc([N+](=O)[O-])cc3[N+](=O)[O-])cc2)c([N+](=O)[O-])c1,7.85
O=[N+]([O-])c1ccc(Nc2ccc(Nc3ccc(Br)c([N+](=O)[O-])c3)c(S(=O)(=O)O)c2)c([N+](=O)[O-])c1,7.18
O=[N+]([O-])c1cc(C=Cc2ccc(P(=O)(O)c3cccc([N+](=O)[O-])c3)cc2S(=O)(=O)C2CO2)cc([N+](=O)[O-])c1,8.62
O=C1CC(c2ccc(Sc3cc(Cl)ccc3[N+](=O)[O-])cc2)CC(=O)C1Sc1nc2cc([N+](=O)[O-])ccc2s1,7.26
O=Nc1ccc(S(=O)(=O)Oc2ccc(C(=O)c3cc([N+](=O)[O-])ccc3Cl)cc2)cc1,6.61
Cc1ccc(S(=O)(=O)c2ccc([N+](=O)[O-])cc2[N+](=O)[O-])c([N+](=O)[O-])c1,6.97
Cc1ccc(S(=O)(=O)NC2CCN(C(=O)c3ccc(Cl)cc3[N+](=O)[O-])CC2)cc1[N+](=O)[O-],6.73
Cc1ccc(C(=C2C=CC(=O)C=C2)c2ccc(S(=O)(=O)c3ccc([N+](=O)[O-])cc3[N+](=O)[O-])cc2)cc1,8.16
O=[N+]([O-])c1ccccc1C(Nc1ccc(S)cc1)P(=O)(Oc1ccccc1)Oc1ccccc1,5.49
O=C(O)C1CC1(c1ccc([N+](=O)[O-])cc1)c1ccc(S(=O)(=O)c2c([N+](=O)[O-])cccc2[N+](=O)[O-])cc1,7.55
N#CCc1ccc(S(=O)(=O)Nc2ccc(NS(=O)(=O)c3ccc([N+](=O)[O-])cc3[N+](=O)[O-])cc2)c([N+](=O)[O-])c1,7.07
Cn1c(=O)n(CC2CO2)c(=O)c2c1nc1n2CCS1,4.36
CC(C)n1[nH]c(=O)c2c1N=C(O)CS[C@H]2c1ccc[nH]c1=O,4.08
O=[N+]([O-])c1ccc(S(=O)(=O)Oc2ccc(-c3ccccc3)cc2)c([N+](=O)[O-])c1,6.55
O=[N+]([O-])c1ccc(S(=O)(=O)Oc2ccc([N+](=O)[O-])c3ccccc23)c([N+](=O)[O-])c1,7.73
O=[N+]([O-])c1cccc(C=Nc2ccc(S(=O)(=O)Oc3cccc(S(=O)(=O)Oc4ccc([N+](=O)[O-])cc4[N+](=O)[O-])c3)cc2)c1,7.48
NC(c1ccccc1)(c1ccc(P(=O)(Oc2ccccc2)c2cccc([N+](=O)[O-])c2)cc1)c1ccccc1Cl,6.31
Cc1cccc(C=NS(=O)(=O)c2cc(C(=O)N3CCC(NS(=O)(=O)c4ccc([N+](=O)[O-])cc4)CC3)cc([N+](=O)[O-])c2)c1,6.79
CC(=O)N(CCOS(=O)(=O)c1ccc([N+](=O)[O-])cc1)[C@H]1CC(=O)N(c2ccc(C(=O)c3ccc[nH]3)cc2)C1=O,5.71
O=C(c1ccccc1[N+](=O)[O-])N1CCCC[C@H]1c1cccnc1,6.29
O=[N+]([O-])c1cc(Cl)ccc1S(=O)(=O)c1ccc(Br)cc1[N+](=O)[O-],7.14
CS(=O)(=O)Oc1ccc2ccc(ON=Cc3cc([N+](=O)[O-])cc([N+](=O)[O-])c3)cc2c1,7.22
Nc1cc(C=NOC(=O)c2cc([N+](=O)[O-])cc([N+](=O)[O-])c2)cc([N+](=O)[O-])c1,5.74
Cc1ccc(S(=O)(=O)Nc2ccc([N+](=O)[O-])cc2[N+](=O)[O-])cc1[N+](=O)[O-],6.31
Cc1cc(SC23CC4CC(CC(C4)C2)C3)nc(C2CCN(S(=O)(=O)c3ccc([N+](=O)[O-])cc3[N+](=O)[O-])CC2)n1,7.75
Cc1cc([N+](=O)[O-])cc(Cl)c1NS(=O)(=O)c1ccc([N+](=O)[O-])cc1[N+](=O)[O-],7.06
Cc1ccc(S(=O)(=O)Oc2cccc(OS(=O)(=O)c3ccc(-c4ccccc4[N+](=O)[O-])cc3)c2N)cc1[N+](=O)[O-],7.59
Cc1cccnc1-n1c(SCc2nc3c([N+](=O)[O-])cccc3c(=O)[nH]2)nc2ccccc2c1=O,5.19
O=[N+]([O-])c1cccc(P(=O)(Oc2ccccc2C(F)(F)F)c2cccc([N+](=O)[O-])c2)c1,6.67
O=C1C[C@]2(CCN(c3nc4c(cc3C(=O)Nc3cc([N+](=O)[O-])ccc3Cl)CCC4)C2)C(=O)N1,7.52
Cc1c([N+](=O)[O-])cc(-c2cc([N+](=O)[O-])cc([N+](=O)[O-])c2)cc1[N+](=O)[O-],6.91
O=[N+]([O-])c1cccc(S(=O)(=O)S(=O)(=O)c2ccc(S(=O)(=O)Nc3ccc(Br)cc3[N+](=O)[O-])cc2)c1,7.56
O=C(ON=Cc1cc(Br)cc([N+](=O)[O-])c1O)c1cc([N+](=O)[O-])cc([N+](=O)[O-])c1,6.65
Cc1nc2c(=O)n(CC(=O)Nc3cc([N+](=O)[O-])cc([N+](=O)[O-])c3)nc(-c3ccc(S(=O)(=O)Cl)cc3)c2s1,8.02
O=C(c1ccc(OS(=O)(=O)c2ccccc2[N+](=O)[O-])cc1)c1cc([N+](=O)[O-])cc([N+](=O)[O-])c1,8.03
N#CC1(c2ccc(C3CC3)cc2)CCN(S(=O)(=O)c2ccc([N+](=O)[O-])cc2[N+](=O)[O-])CC1,7.32
O=[N+]([O-])c1cc(C=NOc2cc([N+](=O)[O-])cc([N+](=O)[O-])c2)cc([N+](=O)[O-])c1,7.62
O=[N+]([O-])c1cc(S(=O)(=O)N(c2ccc([SH](=O)=O)cc2)S(=O)(=O)c2ccc([N+](=O)[O-])c([N+](=O)[O-])c2)ccc1Cl,7.29
O=[N+]([O-])C=C(c1ccc(S(=O)(=O)O)cc1)c1ccc(S(=O)(=O)N=Cc2cc(Br)ccc2I)cc1,8.7
O=[N+]([O-])c1cc(S(=O)(=O)N2CCN(C(c3ccccc3)(c3ccc(F)cc3)c3ccc(C4CCCCC4O)cc3)CC2)ccc1Cl,7.81
O=C(Nc1nc(-c2cc(CC(=O)[N+](=O)[O-])ccc2[N+](=O)[O-])cs1)c1cc([N+](=O)[O-])cc([N+](=O)[O-])c1,7.52
C[C@H](COc1ccc(S(=O)(=O)Oc2cc(Cl)cc(Cl)c2)cc1)Cn1c([C@H](O)c2ccccc2)nc2ccccc21,5.68
Cc1cc(S(=O)(=O)O)cc([N+](=O)[O-])c1C(=Nc1ccc([N+](=O)[O-])cc1)c1ccccc1[N+](=O)[O-],7.03
O=C(Nc1cc([N+](=O)[O-])ccc1Cl)C1C(c2ccccc2)=C1c1ccccc1,7.64
Cc1nc2c3cccnc3nn2c(C)c1CCNS(=O)(=O)c1ccc([N+](=O)[O-])cc1[N+](=O)[O-],6.26
O=C(c1ccc([SH](=O)=O)cc1)N(O)c1ccc(OS(=O)(=O)c2ccc([N+](=O)[O-])cc2[N+](=O)[O-])cc1,6.54
O=[N+]([O-])c1cc([N+](=O)[O-])cc(S(=O)(=O)Nc2cc(Cl)ccc2OS(=O)(=O)c2ccc(Cl)cc2Cl)c1,7.06
O=C1CN(C(=O)NCCCCC(=O)NS(=O)(=O)c2ccc([N+](=O)[O-])cc2[N+](=O)[O-])c2ccccc2N1,4.64
O=[N+]([O-])c1ccc(N=C(Nc2cccc([N+](=O)[O-])c2)c2ccc(S(=O)(=O)c3ccc([N+](=O)[O-])cc3[N+](=O)[O-])cc2)cc1,8.03
O=C(CN1CCN(c2ccc([N+](=O)[O-])c([N+](=O)[O-])c2)C1=O)N1CCN(S(=O)(=O)c2ccc([N+](=O)[O-])cc2[N+](=O)[O-])CC1,7.72
O=C1C[C@@H](c2ccc([N+](=O)[O-])cc2)Cc2nc3nc(-c4ccc(S(=O)(=O)Nc5c([N+](=O)[O-])cc(C=C[N+](=O)[O-])cc5[N+](=O)[O-])cc4)nn3cc21,6.9
Cc1cc(OS(=O)(=O)c2cccc3cccnc23)c2ccc(S(=O)(=O)O)cc2n1,5.84
O=C(Nc1ccc([N+](=O)[O-])cc1[N+](=O)[O-])c1cc([N+](=O)[O-])cc([N+](=O)[O-])c1,7.29
Cc1cc(=O)oc2cc(S(=O)(=O)N(Cl)Cl)cc(OC(=O)c3cc([N+](=O)[O-])cc([N+](=O)[O-])c3)c12,6.82
O=[N+]([O-])c1ccc(S(=O)(=O)c2ccc(Cl)cc2[N+](=O)[O-])c([N+](=O)[O-])c1,6.9
O=[N+]([O-])c1ccc(NS(=O)(=O)c2ccc([N+](=O)[O-])cc2[N+](=O)[O-])c([N+](=O)[O-])c1,7.84
O=c1c2ccccc2nc(SCCNS(=O)(=O)c2ccc([N+](=O)[O-])cc2[N+](=O)[O-])n1-c1ccc(S(=O)(=O)Cl)cc1,6.14
O=[N+]([O-])c1ccc(S(=O)(=O)Nc2ccc(S(=O)(=O)c3ccc([N+](=O)[O-])cc3[N+](=O)[O-])cc2)c([N+](=O)[O-])c1,7.35
CS(=O)(=O)N(CC(=O)Nc1ccc(Oc2ccccc2N)cc1[N+](=O)[O-])c1cc([N+](=O)[O-])ccc1Cl,6.74
Cc1cc(-c2cccc(S(=O)(=O)c3ccc([N+](=O)[O-])cc3[N+](=O)[O-])c2)ccc1N,7.28
O=[N+]([O-])c1ccc(S(=O)(=O)Nc2cc([N+](=O)[O-])c3cc4c(cc3n2)CCC4)c([N+](=O)[O-])c1,8.53
O=[N+]([O-])c1ccc(SSc2ccc([N+](=O)[O-])cc2[N+](=O)[O-])c([N+](=O)[O-])c1,6.67
O=[N+]([O-])c1ccc(S(=O)(=O)c2ccc([N+](=O)[O-])cc2[N+](=O)[O-])c([N+](=O)[O-])c1,7.47
Cc1ccc(S(=O)(=O)Nc2ccc(S(=O)(=O)NNc3nc4ccccc4nc3C(F)(F)F)cc2)cc1,5.0
O=C1N(Cc2ccc(S(=O)(=O)F)cc2)CC[C@@]12CCCN(S(=O)(=O)c1ccc([N+](=O)[O-])cc1[N+](=O)[O-])CC2,6.42
Cc1c(OS(=O)(=O)c2ccc(S(=O)(=O)Oc3ccc([N+](=O)[O-])cc3Cl)cc2)cccc1OS(=O)(=O)c1cccc([N+](=O)[O-])c1,6.8
CC(=Nn1c(C)c(Br)c(=O)n(CCC(=O)N=C=S)c1=O)c1ccc(OS(=O)(=O)c2cc(Br)cc(Br)c2)cc1,5.63
O=[N+]([O-])C=Cc1ccc(OS(=O)(=O)c2ccc([N+](=O)[O-])cc2[N+](=O)[O-])cc1,7.43
Cc1cc(C2(c3cccc(S(=O)(=O)C4CO4)c3)OC(=O)c3ccccc32)ccc1CCl,7.13
O=[N+]([O-])c1ccc(S(=O)(=O)S(=O)(=O)c2ccc(S(=O)(=O)Oc3ccc([N+](=O)[O-])cc3Cl)cc2)cc1,6.51
N=C(NOS(=O)(=O)c1ccc([N+](=O)[O-])cc1[N+](=O)[O-])c1ccc([N+](=O)[O-])cc1,5.02
Nc1c(Br)cc(-c2cc(C(=O)NN=Cc3ccc(Cl)cc3Cl)cc([N+](=O)[O-])c2)cc1Br,7.03
O=[N+]([O-])c1ccc(N(S(=O)(=O)c2ccccc2)S(=O)(=O)c2ccc(-c3csnn3)cc2)c([N+](=O)[O-])c1,7.05
O=[N+]([O-])c1ccc(N2CCCn3nc(CNS(=O)(=O)c4ccc([N+](=O)[O-])cc4[N+](=O)[O-])cc3C2)c([N+](=O)[O-])c1,5.74
CC1(C)Cc2c(sc3ncn4nc(C(=O)NS(=O)(=O)c5cc(OCc6cccc([N+](=O)[O-])c6)ccc5[N+](=O)[O-])nc4c23)CO1,7.8
O=[N+]([O-])c1ccc(NS(=O)(=O)c2ccc([N+](=O)[O-])cc2[N+](=O)[O-])c([N+](=O)[O-])c1,7.52
O=[N+]([O-])c1ccc(S(=O)(=O)Nc2ccccc2Sc2c([N+](=O)[O-])cccc2[N+](=O)[O-])cc1[N+](=O)[O-],5.91
O=[N+]([O-])c1ccc(S(=O)(=O)Nc2cc3ccccc3cc2NS(=O)(=O)c2ccc([N+](=O)[O-])cc2[N+](=O)[O-])cc1,7.37
O=C(Cc1n[nH]c(=O)c2ccccc12)Oc1ccc(S(=O)(=O)Nc2ccc(C=C[N+](=O)[O-])cc2[N+](=O)[O-])cc1Br,6.51
O=S1(=O)CC(O)C(S(=O)(=O)c2ccc(C(O)(c3ccc(F)cc3)c3ccc(Cl)cc3)cc2)C1,6.99
COc1ccc(S(=O)(=O)Nc2ccc(S(=O)(=O)Nc3ccc(C(=O)NC#N)cc3[N+](=O)[O-])cc2)c([N+](=O)[O-])c1,6.49
CC(=O)Nc1ccc(-c2noc(C3CCN(S(=O)(=O)c4ccc([N+](=O)[O-])cc4[N+](=O)[O-])CC3)n2)cc1[N+](=O)[O-],7.36
Cc1ccc(S(=O)(=O)c2cc(S(=O)(=O)c3ccc([N+](=O)[O-])cc3[N+](=O)[O-])ccc2[N+](=O)[O-])c([N+](=O)[O-])c1,7.95
Cc1ccc(C(=Nc2ccc(C(=O)C3OC3c3cccc4ccccc34)cc2)Nc2ccnc(-c3cc(C)ccn3)c2)cc1,6.91
O=[N+]([O-])c1ccc(S(=O)(=O)c2ccc(Cl)cc2[N+](=O)[O-])c([N+](=O)[O-])c1,7.39
O=C1NC2(CCN(S(=O)(=O)c3ccc([N+](=O)[O-])cc3[N+](=O)[O-])CC2)C(=O)N1Cc1c(Cl)cccc1[N+](=O)[O-],7.38
O=[N+]([O-])c1ccc(S(=O)(=O)Nc2ccccc2Sc2cc(Cl)c(Cl)cc2[N+](=O)[O-])c([N+](=O)[O-])c1,7.19
CS(=O)(=O)Sc1ccc(S(=O)(=O)Nc2ccccc2C(=O)N2CC[C@H](n3cnc4ccccc43)C2)cc1,6.62
O=c1oc2cc(OS(=O)(=O)c3cc(NS(=O)(=O)c4cccc(Cl)c4)cc([N+](=O)[O-])c3)ccc2c2c1CCCCC2,7.82
O=C(c1cc([N+](=O)[O-])cc([N+](=O)[O-])c1)c1cc([N+](=O)[O-])cc(S(=O)(=O)Nc2cc(F)ccc2F)c1,8.47
CC(N)c1ccc(S(=O)(=O)S(=O)(=O)c2ccc(S(=O)(=O)NCC(=O)N3CCC[C@@H](Cc4nc(-c5ccsc5)no4)C3)cc2)cc1,5.67
O=[N+]([O-])c1ccccc1S(=O)(=O)Nc1ccc(NS(=O)(=O)c2ccccc2[N+](=O)[O-])cc1,6.29
O=[N+]([O-])c1ccc(S(=O)(=O)Oc2ccc(S(=O)(=O)c3ccccc3)cc2)cc1,7.31
O=[N+]([O-])c1ccc(C2CN2S(=O)(=O)c2ccc3c(c2)CCCN3S(=O)(=O)c2ccccc2[N+](=O)[O-])cc1,8.47
O=C(Nc1cccc2c(OS(=O)(=O)c3ccc(Cl)cc3Cl)cccc12)c1cc([N+](=O)[O-])cc([N+](=O)[O-])c1,6.96
O=C1Nc2c(-c3ccccc3)cnn2C[C@@H]1CC(=O)N1CCN(S(=O)(=O)c2ccc(C=C[N+](=O)[O-])cc2[N+](=O)[O-])CC1,8.06
N#[N+][N-]c1ccc([N+](=O)[O-])c(P(=O)(O)c2cc(C=C[N+](=O)[O-])ccc2[N+](=O)[O-])c1,7.2
Cc1ccc([N+](=O)[O-])cc1S(=O)(=O)Nc1ccc([N+](=O)[O-])cc1OC(=O)c1cc([N+](=O)[O-])cc([N+](=O)[O-])c1,7.71
O=C1CN(C(=O)c2cc([N+](=O)[O-])cc([N+](=O)[O-])c2)C[C@@H](OS(=O)(=O)c2ccc([N+](=O)[O-])cc2)CN1Cc1ccc([N+](=O)[O-])cc1,7.45
O=Cc1cccc(-c2ccc(C(c3ccccc3)(c3ccccc3)N3CCC4(CCC4)S(=O)(=O)CC3)cc2)c1,6.95
O=S(c1ccc(C(O)=S)cc1)S(=O)c1ccc(C2CC(c3ccc(-n4cncn4)cc3)=NN2)cc1,6.04
Cc1nn(-c2ncnc3[nH]cnc23)c2c1[C@H](c1ccc(C3=C(c4ccc(C(N)=S)cc4)CC(=O)C3)cc1)CC(=O)N2,5.96
O=[N+]([O-])c1cccc(S(=O)(=O)Oc2ccc([N+](=O)[O-])c(S(=O)(=O)C3CO3)c2)c1,6.1
O=C(Cn1cnc2ccc(S(=O)(=O)O)cc2c1=O)Nc1ccccc1NS(=O)(=O)c1ccc([N+](=O)[O-])cc1[N+](=O)[O-],6.63
Cc1cn2c3c(=O)n(Cc4cccc(S(=O)(=O)Nc5ccc(C=C[N+](=O)[O-])cc5[N+](=O)[O-])c4)c(=O)n(C)c3nc2n1C1CCCC1,6.26
O=C1OCCC1(c1ccccc1)c1ccc(S(=O)(=O)Nc2ccnc(NCc3ccccc3S(=O)c3ccccc3[N+](=O)[O-])c2)cc1,5.61
COc1cc([N+](=O)[O-])c(S(=O)(=O)O)cc1NS(=O)(=O)c1ccc([N+](=O)[O-])cc1[N+](=O)[O-],5.34
O=C(c1cc([N+](=O)[O-])cc([N+](=O)[O-])c1)c1cc([N+](=O)[O-])cc([N+](=O)[O-])c1,8.42
CS(=O)(=O)Oc1ccc2c(ccn2S(=O)(=O)c2cccc([N+](=O)[O-])c2)c1,6.96
O=[N+]([O-])c1ccc(S(=O)(=O)N2CCN(c3cc(-n4cccn4)ncn3)CC2)c([N+](=O)[O-])c1,6.35
CSc1ncc2c(n1)CN(c1ccc(C(c3ccccc3)S(=O)c3ccc(C)cc3)cc1)C2=O,7.47
O=[N+]([O-])c1cccc(S(=O)(=O)NN=C2CCN(Cc3ccc(S(=O)(=O)Nc4ccc(F)cc4)cc3)CC2)c1,6.91
O=[N+]([O-])c1ccc(S(=O)(=O)N2CCC3(CC2)C[C@H](OS(=O)(=O)c2ccc(CS(=O)(=O)F)cc2)CCO3)c([N+](=O)[O-])c1,6.59
O=[N+]([O-])C=Cc1ccc(S(=O)(=O)N2CCC(N=Cc3ccc([N+](=O)[O-])cc3)CC2)c([N+](=O)[O-])c1,7.81
O=[N+]([O-])c1ccc(N(CCOS(=O)(=O)c2cc(Cl)c(Cl)cc2Cl)S(=O)(=O)c2ccc([N+](=O)[O-])cc2[N+](=O)[O-])c([N+](=O)[O-])c1,7.11
O=[N+]([O-])c1ccc(C(=Nc2ccc(Br)cc2)c2ccc(O)cc2O)cc1,5.0
O=[N+]([O-])c1ccc(S(=O)(=O)c2ccc(Br)cc2[N+](=O)[O-])c([N+](=O)[O-])c1,7.13
O=[N+]([O-])c1ccc(S(=O)(=O)N2CCN(c3ccc(S(=O)(=O)c4ccc(C5CO5)cc4)nn3)CC2)c([N+](=O)[O-])c1,6.99
Cc1ccc(C(Br)S(=O)(=O)c2ccc(S(=O)(=O)c3ccc([N+](=O)[O-])cc3[N+](=O)[O-])cc2)cc1[N+](=O)[O-],8.25
N#CCc1ccc(OP(=O)(Nc2cccc([N+](=O)[O-])c2)Oc2ccc(C(=N)N)cc2)cc1,4.08
CC(=Cc1ccc(CN2OCC(S(=O)(=O)c3ccc(N[N+](=O)[O-])cc3)C2c2ccccc2)cc1)[N+](=O)[O-],6.79
O=S(O)c1ccc(C(Cl)(c2ccccc2)c2ccc(C(Cl)(c3ccccc3)c3ccccc3)cc2)cc1,6.74
C[C@@H](OC(=O)CN1C(=O)[C@H]2CC=CC[C@H]2C1=O)C(=O)Nc1cc(C=C[N+](=O)[O-])ccc1[N+](=O)[O-],5.88
N#Cc1c(NC(=O)CSc2nnc3c(n2)[nH]c2ccc([N+](=O)[O-])cc23)sc2c1CCCC2,6.46
O=[N+]([O-])c1ccc(-n2cccc2)cc1C=Nc1ccc([N+](=O)[O-])c([N+](=O)[O-])c1,7.07
O=[N+]([O-])c1cc(S(=O)(=O)Nc2cc(Cl)ccc2NS(=O)(=O)c2ccc([N+](=O)[O-])c([N+](=O)[O-])c2)ccc1Cl,6.85
Cc1ccc(C=C[N+](=O)[O-])cc1S(=O)(=O)Nc1ccc(NC(=O)c2cc(=O)[nH]c3ccc(C=NO)cc23)c([N+](=O)[O-])c1,6.1
O=C(Nc1ccc(-c2ccc(Br)c([N+](=O)[O-])c2)cc1[N+](=O)[O-])c1cc2cc(S(=O)(=O)N(Cl)Cl)ccc2o1,7.34
C[C@H]1CN(c2cc(OS(=O)(=O)c3ccc(Sc4ccc(N)cn4)cc3)ncn2)CCN1C(=O)C=Cc1ccc([N+](=O)[O-])cc1,5.36
CN1c2cc(CS(=O)(=O)c3ccc([N+](=O)[O-])cc3[N+](=O)[O-])ccc2OC[C@@H]1CC(=O)Nc1cc([N+](=O)[O-])cc([N+](=O)[O-])c1,7.35
Cn1c(NC(=O)c2cc(C=C([N+](=O)[O-])[N+](=O)[O-])cc([N+](=O)[O-])c2)c(-c2cccc(S(=O)(=O)Cl)c2)c(=O)c2ccccc21,7.92
O=[N+]([O-])c1cc([N+](=O)[O-])cc(S(=O)(=O)Oc2ccc([N+](=O)[O-])c(S(=O)(=O)NCc3nncn3C3CCCCC3)c2)c1,5.64
O=Nc1cccc(-c2ccc(S(=O)(=O)N3CCC4(CC3)CC(=O)N(Cc3ccccc3)O4)c([N+](=O)[O-])c2)c1,7.09
O=[N+]([O-])c1cccc(C=Nc2ccc([PH](=O)c3ccc(C4(c5ccc(Cl)cc5)CCCC4)cc3)cc2)c1,6.77
Cc1cc(NS(=O)(=O)c2ccc([N+](=O)[O-])cc2[N+](=O)[O-])ccc1NS(=O)(=O)c1ccc2ccccc2c1,6.9
Cc1ccc(Cl)cc1S(=O)(=O)Oc1ccc(C(=O)c2cc([N+](=O)[O-])cc([N+](=O)[O-])c2)cc1,7.44
O=NN(O)c1ccc(S(=O)(=O)N(O)c2ccc(S(=O)(=O)c3ccc([N+](=O)[O-])cc3[N+](=O)[O-])cc2)cc1,7.16
O=[SH](=O)c1ccc(C(c2ccccc2)(c2ccc(N=Cc3ccccc3Cl)cc2)N2CCC(Oc3cccc4cccnc34)CC2)cc1,7.55
O=C1C=CC=C/C1=C1/C=Cc2cccnc2N1,5.42
Cc1c(O)nc2nc3ccccc3n2c1O,4.42
CN1C[C@@H]2CC[C@H](CC1=O)N2C(=O)c1cc2ccccc2[nH]c1=O,5.66
Cn1c([C@H]2CCCN2C(=O)c2ccccc2[N+](=O)[O-])nc2ccccc21,5.58
Brc1ccc(-c2ccc(N3CCN(c4ccccc4)CC3)cc2)cc1,5.83
Cc1ccc(C(Cl)(c2ccccc2)c2ccc(C(N)=S)cc2)cc1,5.94
CC(CS(=O)(=O)c1nc2ccc(S(=O)(=O)n3cccc3)cc2s1)=NO,5.6
O=[N+]([O-])c1ccc(OP(=O)(c2cccc([N+](=O)[O-])c2)c2cccc([N+](=O)[O-])c2)cc1,6.82
C#Cc1ccc(-c2ccc(C(=O)N3c4ccc(C=CS(=O)(=O)c5ccc(S(C)=O)cc5)cc4C[C@@H]3C)cc2[N+](=O)[O-])cc1,6.36
O=[N+]([O-])c1ccc([N+](=O)[O-])c(S(=O)(=O)Oc2cccc3c([N+](=O)[O-])cccc23)c1,6.77
O=C(c1ccccc1)C1C(C(=O)c2cc([N+](=O)[O-])cc([N+](=O)[O-])c2)N1Cc1ccccc1,5.56
O=C(c1cc(C=C([N+](=O)[O-])[N+](=O)[O-])cc([N+](=O)[O-])c1)N1CCc2[nH]c3ccc([N+](=O)[O-])cc3c2C1,8.35
Cc1ccc(NS(=O)(=O)c2cc([N+](=O)[O-])cc(S(=O)(=O)Nc3ccc([N+](=O)[O-])cc3F)c2)cc1,6.69
CC(=O)c1ccc(S(=O)(=O)c2c([N+](=O)[O-])cc(NC#N)cc2[N+](=O)[O-])cc1[N+](=O)[O-],7.15
Cn1cc(-c2nccnc2CNCCS(=O)(=O)c2ccc(S(=O)(=O)c3ccc(C=C[N+](=O)[O-])cc3[N+](=O)[O-])cc2)cn1,6.33
O=C(Nc1cccc(S(=O)(=O)c2ccc([N+](=O)[O-])cc2[N+](=O)[O-])c1)c1cc(-c2ccc(CO[N+](=O)[O-])cc2)n[nH]1,6.99
CC(=NO)c1ccc(-c2cnn3c(-c4ccc(S(=O)(=O)c5ccc([N+](=O)[O-])cc5[N+](=O)[O-])cc4)ccnc23)cc1,7.27
O=C1C[C@@H]2[C@@H](CCN2c2nccs2)N1Cc1nc(Cl)c2c(n1)CCCC2,6.49
BrC(Br)(Br)c1ccc2ccccc2n1,4.74
Cn1/c(=N/Cc2ccco2)[nH]c2c([N+](=O)[O-])cccc21,4.52
N#Cc1ccc(S(=O)(=O)S(=O)(=O)c2ccc(-c3ccc(Br)cc3)cc2)cc1[N+](=O)[O-],6.03
O=C1c2ccccc2C(=O)N1Cc1ccc(-c2ccc(C=C([N+](=O)[O-])[N+](=O)[O-])cc2[N+](=O)[O-])o1,7.57
Cc1cc([N+](=O)[O-])ccc1NS(=O)(=O)c1cccc(S(=O)(=O)Nc2cc([N+](=O)[O-])ccc2Cl)c1,7.14
O=C(Nc1ccc(C(=NO)c2ccccc2)cc1[N+](=O)[O-])c1cnn2c(C(F)F)cc(-c3ccccc3)nc12,6.9
O=C(c1ccccc1)c1ccc([N+](=O)[O-])c(N2C[C@@H](C(=O)Nc3ccc([N+](=O)[O-])cc3Br)CC2=O)c1,8.04
O=C(C[C@@]1(O)C(=O)Nc2c([N+](=O)[O-])cccc21)c1cccc([N+](=O)[O-])c1,5.9
CC(=O)c1cc(-c2cc([N+](=O)[O-])cc([N+](=O)[O-])c2)cc(S(=O)O)c1,7.03
O=Nc1ccnc(-c2cc(N3CCN(S(=O)(=O)c4ccc([N+](=O)[O-])cc4[N+](=O)[O-])CC3)ncn2)c1,6.68
O=[N+]([O-])c1ccc(SSc2ccc([N+](=O)[O-])cc2[N+](=O)[O-])c([N+](=O)[O-])c1,6.47
O=[N+]([O-])c1ccc(S(=O)(=O)Nc2cccc3ccccc23)c([N+](=O)[O-])c1,6.52
O=[N+]([O-])c1ccc(S(=O)(=O)Oc2ccc(S(=O)(=O)c3ccc(F)cc3[N+](=O)[O-])cc2)c([N+](=O)[O-])c1,6.86
CC(=Cc1ccc(S(=O)(=O)Oc2ccc3ccc(OS(C)(=O)=O)cc3c2)c([N+](=O)[O-])c1)[N+](=O)[O-],8.04
Cc1ccc(NC(=O)c2cc(C(=O)Nc3cc([N+](=O)[O-])ccc3O)cc([N+](=O)[O-])c2)cc1[N+](=O)[O-],7.39
O=c1[nH]c(=O)n([C@@H]2C[C@@H](O)[C@H](CBr)O2)cc1I,4.69
O=[N+]([O-])c1ccc(S(=O)(=O)c2ccc([N+](=O)[O-])cc2[N+](=O)[O-])c([N+](=O)[O-])c1,7.54
O=[N+]([O-])c1ccc(S(=O)(=O)Nc2ccc(Br)cc2[N+](=O)[O-])c([N+](=O)[O-])c1,6.49
N#Cc1ccc(NC(=O)c2ccc(C(=O)Nc3cc(Cl)c([N+](=O)[O-])cc3[N+](=O)[O-])cc2)cc1[N+](=O)[O-],6.23
O=C(c1ccc(OS(=O)(=O)c2ccc(C=C[N+](=O)[O-])cc2[N+](=O)[O-])cc1)c1ccc([N+](=O)[O-])cc1,6.94
O=[N+]([O-])c1ccc(SSc2cc([N+](=O)[O-])c(Cl)cc2[N+](=O)[O-])c([N+](=O)[O-])c1,6.38
CC1=C(C(=O)c2ccccc2)C(=Cc2cccc(C=C[N+](=O)[O-])c2)C(=O)N1CCC(=O)c1ccc2ccccc2c1,6.66
NC(=O)C1C(c2ccc(F)cc2)=C1c1ccc(C(=O)Nc2ccc(NC(=O)c3cc([N+](=O)[O-])cc([N+](=O)[O-])c3)cc2)cc1,7.85
CC1(O)c2ccccc2C(=O)N1Cc1ccccc1,5.23
CS(=O)(=O)Oc1c([N+](=O)[O-])cc(-c2nc(O)c3c4c(sc3n2)CCCCCC4)cc1[N+](=O)[O-],6.31
O=[N+]([O-])c1ccc(S(=O)(=O)c2ccc(Cl)cc2[N+](=O)[O-])c([N+](=O)[O-])c1,6.92
CC(=Cc1ccc(S(=O)(=O)N2CCC3(CC2)C[C@H](c2cccnc2)C(=O)N3)c([N+](=O)[O-])c1)[N+](=O)[O-],6.97
CC(=Cc1ccc(OS(=O)(=O)c2ccc(I)c([N+](=O)[O-])c2)c(C#N)c1)[N+](=O)[O-],6.79
CC(Br)C(=O)c1nn(-c2ccccc2)c(=O)cc1NS(=O)(=O)c1ccc(C(=O)ON=Cc2cc(F)cc(F)c2)cc1,6.54
Cc1cc(N=C=O)ccc1NC(=O)c1cc(C(=O)c2cc(C=C[N+](=O)[O-])cc(C=C[N+](=O)[O-])c2)cc([N+](=O)[O-])c1,10.07
O=[N+]([O-])c1ccc(Cl)c(NS(=O)(=O)c2ccc(Sc3c([N+](=O)[O-])cc(C=Cc4cccc(F)c4)cc3[N+](=O)[O-])c([N+](=O)[O-])c2)c1,7.56
Cc1nc(Cl)c2c(n1)OC1(CCN(S(=O)(=O)c3ccc([N+](=O)[O-])cc3[N+](=O)[O-])CC1)C2,7.26
Nc1ccc(Oc2ccc([N+](=O)[O-])c(NC(=O)c3ccc4c5c3cccc5c(=O)n3c5ccccc5nc43)c2)cc1[N+](=O)[O-],6.89
O=[N+]([O-])c1cc(Br)cc(C=NOc2cc([N+](=O)[O-])cc([N+](=O)[O-])c2)c1,6.06
O=C(Cl)c1ccc(C=Nc2ccccc2N=Cc2cc(Cl)c([N+](=O)[O-])cc2[N+](=O)[O-])cc1[N+](=O)[O-],6.75
C#CCN(c1ccc(S(=O)S(=O)c2ccc(Cl)cc2)cc1)S(=O)(=O)c1ccc([N+](=O)[O-])cc1[N+](=O)[O-],5.27
O=C(c1cccc(C=Cc2ccc([N+](=O)[O-])cc2[N+](=O)[O-])c1)N1CC2(CCOCC2)c2cc(Oc3cc(Cl)c([N+](=O)[O-])cc3[N+](=O)[O-])ccc21,7.78
O=[N+]([O-])c1ccc(C(c2ccc(Br)cc2)S(=O)c2ccc([N+](=O)[O-])cc2)cc1,7.69
CC(=O)C1=C(NC(=O)c2ccc(Oc3cc(Br)cc(Br)c3)cc2)SC(=Cc2cc([N+](=O)[O-])ccc2C#N)C1=O,7.25
O=C(c1cc(Br)cc([N+](=O)[O-])c1)c1cc([N+](=O)[O-])cc([N+](=O)[O-])c1,8.32
O=Nc1ccc(OS(=O)(=O)c2ccc([N+](=O)[O-])cc2[N+](=O)[O-])c2ccccc12,7.43
Cc1ccc([N+](=O)[O-])cc1NS(=O)(=O)c1ccc([N+](=O)[O-])cc1[N+](=O)[O-],7.85
N#Cc1cccc(C(=O)Nc2cccc(S(=O)(=O)c3ccc([N+](=O)[O-])cc3[N+](=O)[O-])c2)c1,6.95
O=[N+]([O-])c1ccc(S(=O)(=O)c2ccc([N+](=O)[O-])c([N+](=O)[O-])c2)c([N+](=O)[O-])c1,7.89
CS(=O)(=O)Oc1ccc([N+](=O)[O-])c(N2C[C@@H](C(=O)Nc3cc([N+](=O)[O-])ccc3Cl)CC2=O)c1,7.86
CC1=C(C(=O)Nc2c([N+](=O)[O-])cc([N+](=O)[O-])cc2[N+](=O)[O-])[C@H](c2cccc([N+](=O)[O-])c2)C2=C(CCCC2=O)N1,8.15
N#Cc1cc([N+](=O)[O-])ccc1Oc1cc(C(=O)Oc2c(Br)cc([N+](=O)[O-])cc2Br)cc([N+](=O)[O-])c1,6.24
N#Cc1cc([N+](=O)[O-])ccc1N=NNc1ccc([N+](=O)[O-])cc1C#N,6.99
CC(=O)c1cc2c(=O)n3cc(C(=O)C4C(c5ccccc5)C4[N+](=O)[O-])cc(Cl)c3nc2cc1N,6.24
O=[N+]([O-])c1ccc(S(=O)(=O)Nc2ccc(Br)cc2[N+](=O)[O-])c([N+](=O)[O-])c1,6.61
O=C1CCc2cc(S(=O)(=O)Nc3cc(Cl)ccc3Sc3ccc([N+](=O)[O-])cc3[N+](=O)[O-])ccc2N1,6.75
O=C(Cn1cnc2ccccc2c1=O)c1ccc(S(=O)(=O)c2ccc([N+](=O)[O-])cc2[N+](=O)[O-])c([N+](=O)[O-])c1,6.81
C#Cc1ccc(C2OC2c2ccc(Nc3cc(Cl)c([N+](=O)[O-])cc3[N+](=O)[O-])cc2)cc1,6.47
O=[N+]([O-])c1ccc(S(=O)c2ccc(C(=Nc3ccc(Cl)cc3)c3ccc(O)cc3)cc2)c([N+](=O)[O-])c1,6.04
CS(=O)(=O)N(CC(=O)N1CCN(C(=O)c2cc([N+](=O)[O-])cc([N+](=O)[O-])c2)CC1)c1cc([N+](=O)[O-])ccc1N1C(=O)C=CC1=O,7.42
O=[N+]([O-])c1nc2ccc3nccnc3c2[nH]1,4.89
Cc1sc2ncnc(N3C[C@H]4[C@@H]5CC[C@@H](O5)[C@H]4C3)c2c1C,6.04
O=[N+]([O-])c1cc(CS(=O)(=O)c2nnnn2-c2cccc3c2CCCC3)cc([N+](=O)[O-])c1,8.27
COc1ccc(Oc2nc3ccc([N+](=O)[O-])cc3cc2-c2noc(-c3ccncc3)n2)cc1,6.44
Cc1c(NC(=O)NOS(=O)(=O)c2ccc(S(=O)(=O)Nc3ccc4ccccc4c3)cc2)cccc1[N+](=O)[O-],7.62
O=C(Oc1ccc([N+](=O)[O-])cc1[N+](=O)[O-])c1cc(-c2ccc(S(=O)(=O)c3ccc(C(Cl)(Cl)Cl)cc3)cc2)on1,6.74
O=C(O)c1ccc(S(=O)(=O)Nc2cc([N+](=O)[O-])c(NC(=O)c3ccc(Cl)cc3Cl)cc2Cl)cc1,7.34
CC(=Cc1ccc(C2=CC(=NNc3cc(C=C[N+](=O)[O-])ccc3C#N)C(=O)O2)cc1)[N+](=O)[O-],8.04
C=C(Cl)COC(=O)C1=CN(c2ccccc2)C=C(C(N)=O)C1c1ccccc1,4.66
O=C(c1ccccc1[N+](=O)[O-])N1CCc2c([nH]c3ccccc23)[C@H]1c1ccc(S(=O)(=O)Nc2ccc(Br)cc2[N+](=O)[O-])cc1,7.31
O=[N+]([O-])c1cccc(NC(=NS(=O)(=O)c2ccc([N+](=O)[O-])cc2[N+](=O)[O-])c2ccccc2)c1,6.55
CC(C)(c1ccc(O)cc1)c1ccc(-c2cc(C(=O)Nc3cc([N+](=O)[O-])ccc3S(N)(=O)=O)nn2[C@@H]2CCS(=O)(=O)C2)cc1,7.28
Cc1ccc(C(=O)c2ccc(C(=O)c3ccc(C(=NO)c4ccccc4)cc3)cc2)cc1[N+](=O)[O-],7.31
O=C(Nc1ccc([N+](=O)[O-])cc1Br)c1c(F)c(Cl)c(F)c(Br)c1Br,5.86
CC(=O)N(c1ccc2c(c1)CCCN2S(=O)(=O)c1ccccc1[N+](=O)[O-])S(=O)(=O)c1ccc([N+](=O)[O-])cc1[N+](=O)[O-],6.74
O=C(Nc1ccc(S(=O)(=O)Oc2ccccc2F)cc1[N+](=O)[O-])c1cccc2c1C(=O)N(c1ccc(C=C([N+](=O)[O-])[N+](=O)[O-])cc1)C2,7.72
O=C1COC(=O)N1[C@@H]1CCN(S(=O)(=O)c2ccc([N+](=O)[O-])cc2[N+](=O)[O-])C1,6.4
O=[N+]([O-])c1cc(C=NOc2cc([N+](=O)[O-])cc([N+](=O)[O-])c2)cc([N+](=O)[O-])c1,6.84
N#Cc1ccc(N=Cc2cc(Br)cc([N+](=O)[O-])c2)cc1[N+](=O)[O-],6.3
Cc1cc(C(=O)NS(=O)(=O)c2cc(C=C[N+](=O)[O-])ccc2Cl)c(C)n1-c1nccs1,6.06
O=C(ON=Cc1ccc(F)cc1F)c1cccc(C=NOC(=O)c2cc([N+](=O)[O-])cc([N+](=O)[O-])c2)c1,6.05
O=C(ON=Cc1cc([N+](=O)[O-])cc([N+](=O)[O-])c1)c1cc([N+](=O)[O-])cc([N+](=O)[O-])c1,6.6
O=[N+]([O-])c1ccc(S(=O)(=O)Nc2ccc(S(=O)(=O)Nc3ccc(S(=O)(=O)S(=O)(=O)c4ccc(C5CC5)cc4)cc3)cc2)c([N+](=O)[O-])c1,7.97
O=C(c1ccc(S(=O)(=O)c2c([N+](=O)[O-])cc([N+](=O)[O-])cc2[N+](=O)[O-])cc1)c1ccc([N+](=O)[O-])cc1Cl,7.27
N#CSc1ccc(C=C2CCC(=Cc3ccc4c(c3)S(=O)(=O)N=C3CCCCCN34)C2=O)cc1[N+](=O)[O-],8.16
O=[N+]([O-])c1ccccc1Cn1cnc(-c2ccccc2)c1-c1nccs1,6.06
O=[N+]([O-])c1ccc(S(=O)(=O)N2CCC3(CC2)Nc2ccccc2S(=O)(=O)N3)c([N+](=O)[O-])c1,6.9
O=S(=O)(Cl)c1cccc(S(=O)(=O)Oc2ccc(Br)cc2Br)c1,6.41
O=[N+]([O-])c1cc(C=NS(=O)(=O)c2cc([N+](=O)[O-])cc([N+](=O)[O-])c2)cc([N+](=O)[O-])c1,7.36
Cc1cc(F)ccc1/N=c1/oc2cc([N+](=O)[O-])ccc2cc1C(=O)Nc1cc([N+](=O)[O-])ccc1[N+](=O)[O-],7.19
O=[N+]([O-])c1ccc(S(=O)(=O)Oc2ccc(S(=O)(=O)c3ccc([N+](=O)[O-])cc3[N+](=O)[O-])cc2)c([N+](=O)[O-])c1,6.81
O=C(CC[C@@H]1NC(=O)c2ccccc2N=C1O)Nc1ccc([N+](=O)[O-])cc1NS(=O)(=O)c1ccc([N+](=O)[O-])cc1[N+](=O)[O-],6.03
CS(=O)(=O)c1cccc(C2=NC(=Cc3cccc4ccccc34)C(=O)O2)c1,6.19
Cn1c(Cn2ccnc2[N+](=O)[O-])c(Cl)c(=O)n1-c1ccccc1,5.56
N#CCc1cc(C=NS(=O)(=O)c2cccc(-c3nc4cc(S(=O)(=O)O)ccc4o3)c2)cc([N+](=O)[O-])c1,6.27
O=[N+]([O-])c1ccc(S(=O)(=O)c2ccc(S(=O)(=O)c3c([N+](=O)[O-])cc(I)cc3[N+](=O)[O-])cc2)c([N+](=O)[O-])c1,7.52
CC(C)(OO)c1ccc(N(C(=O)N(c2ccccc2)c2ccccc2)c2ccccc2)cc1,6.22
O=C(Cc1coc2cc([N+](=O)[O-])c([N+](=O)[O-])cc12)Nc1cc(C=C[N+](=O)[O-])cc(C=C[N+](=O)[O-])c1,8.19
O=C1CC(COc2ccc(C=C([N+](=O)[O-])[N+](=O)[O-])cc2Br)(c2ccccc2)OC(=O)C1Sc1cc(Cl)c(Cl)cc1Cl,6.21
O=[N+]([O-])C(=Cc1cc([N+](=O)[O-])c(Sc2ccc([N+](=O)[O-])c([N+](=O)[O-])c2)c([N+](=O)[O-])c1)[N+](=O)[O-],6.99
O=c1c(-c2nnco2)cccn1Cc1cccc([N+](=O)[O-])c1,5.63
O=C(Cn1nc2c3c4c(sc3ncn2c1=O)CCCCC4)c1ccc([N+](=O)[O-])c([N+](=O)[O-])c1,6.21
O=[N+]([O-])c1ccc(S(=O)(=O)c2ccc(Cl)cc2[N+](=O)[O-])c([N+](=O)[O-])c1,7.13
O=[N+]([O-])c1ccc(C2=C(c3ccc(-c4nc5cc([N+](=O)[O-])ccc5o4)cc3)S2(=O)=O)cc1,7.5
CC(=O)c1ccc(C(=C2C=CC(=N)C=C2)c2ccc(C(=O)NS(=O)(=O)c3ccc([N+](=O)[O-])cc3[N+](=O)[O-])cc2)cc1,7.63
O=C(NS(=O)(=O)c1cc(OSSOc2ccc([N+](=O)[O-])cc2)ccc1Cl)c1cc(=O)c2cc([N+](=O)[O-])ccc2o1,6.27
O=S(O)c1ccc(S(=O)(=O)CC(=NO)c2ccc(S(=O)(=O)Oc3cccc(N=Cc4ccc(Cl)cc4Cl)c3)cc2)cc1,4.89
CC1CN1C(=O)c1ccc(Nc2ccccc2Sc2cc(Cl)c([N+](=O)[O-])cc2[N+](=O)[O-])c([N+](=O)[O-])c1,7.34
O=c1cc[nH]c2ccc([N+](=O)[O-])cc12,5.91
CC1(C)C(=O)C(C)(C)C12SC[C@@H](C(=O)O)[C@H]2C(=O)O,3.1
O=[N+]([O-])c1cc([N+](=O)[O-])cc(S(=O)(=O)n2ccc3cc([N+](=O)[O-])ccc32)c1,7.1
O=[N+]([O-])c1ccc(SSc2ccc([N+](=O)[O-])cc2[N+](=O)[O-])c([N+](=O)[O-])c1,6.18
O=[N+]([O-])c1cc(S(=O)(=O)N(c2ccccc2[N+](=O)[O-])S(=O)(=O)c2ccccc2)ccc1Cl,6.96
Cc1ccc(C(=O)ON=Cc2c(F)cccc2[N+](=O)[O-])cc1NC(=O)c1cc(C=C[N+](=O)[O-])cc([N+](=O)[O-])c1,6.23
O=C(Nc1ccc([N+](=O)[O-])cc1Cl)c1cc(C(=O)Oc2c(Br)cc([N+](=O)[O-])cc2Br)cc([N+](=O)[O-])c1,7.55
Cc1ccc([N+](=O)[O-])cc1S(=O)(=O)Nc1cc([N+](=O)[O-])c(NS(=O)(=O)c2ccc([N+](=O)[O-])cc2[N+](=O)[O-])cc1Cl,8.7
O=S1(=O)N(Cc2ccccc2)c2ccccc2N1C1CC1,5.37
CC(C)(C)[C@H]1CCc2c(sc3ncnc(N4CCN(S(=O)(=O)c5ccc([N+](=O)[O-])cc5[N+](=O)[O-])CC4)c23)C1,7.68
CC(=Cc1cc(NC(=O)CN2C(=O)CCCc3ccccc32)cc([N+](=O)[O-])c1)[N+](=O)[O-],7.73
Cc1ccc(C=NOC(=O)c2ccccc2-c2ccc([N+](=O)[O-])cc2C(=O)O)cc1[N+](=O)[O-],5.27
O=[N+]([O-])c1ccc(S(=O)(=O)Nc2cc([N+](=O)[O-])c([N+](=O)[O-])cc2Cl)c([N+](=O)[O-])c1,6.67
CC(C)Oc1ccc(N(C(=O)COC(=O)c2c3c(nc4ccccc24)CCCCC3)S(=O)(=O)c2ccc(S(=O)(=O)N(Cl)Cl)cc2)cc1,6.26
N#Cc1c(NC(=O)c2cccc(S(=O)(=O)Nc3c([N+](=O)[O-])cc(NS(N)(=O)=O)cc3[N+](=O)[O-])c2)sc2c1CCN(C(N)=O)C2,5.97
O=[N+]([O-])c1cc(Br)c(Oc2ccc([N+](=O)[O-])c(Oc3c(Br)cc([N+](=O)[O-])cc3Br)c2[N+](=O)[O-])c(Br)c1,6.89
O=C(Cc1ccc([N+](=O)[O-])cc1)N1CCS/C1=C\c1cscn1,6.84
O=C(c1ccc(S(=O)(=O)O)c([N+](=O)[O-])c1)C1C(c2ccccc2)C1[N+](=O)[O-],6.66
O=C1c2cccc(Oc3ccc([N+](=O)[O-])cc3[N+](=O)[O-])c2CCN1Cc1cccc([N+](=O)[O-])c1,7.42
O=[N+]([O-])c1cc(S(=O)(=O)Nc2cc(Br)c(NS(=O)(=O)c3ccc([N+](=O)[O-])c([N+](=O)[O-])c3)cc2Br)ccc1Cl,8.04
O=[N+]([O-])c1cccc(NC(=Nc2ccc([SH](=O)=O)cc2)c2ccc(S(=O)(=O)NCl)cc2)c1,7.07
O=[N+]([O-])c1cc([N+](=O)[O-])cc(S(=O)(=O)Nc2cc(Cl)c(S(=O)(=O)Nc3ccc([N+](=O)[O-])cc3Cl)cc2Cl)c1,7.05
O=[N+]([O-])c1ccc(S(=O)(=O)Nc2c([N+](=O)[O-])cc(C(F)(F)F)cc2[N+](=O)[O-])c([N+](=O)[O-])c1,6.15
O=C(Nc1cccc(Br)c1)c1cc(C(=C[N+](=O)[O-])c2ccc(Oc3cccnc3)c(Br)c2)cc([N+](=O)[O-])c1,7.82
C=C1[C@H](C)[C@@]23CCO[C@@H](c4ccc5c(c4)CCCN5C)[C@@H]2C[C@@H]1C3,6.15
O=C(NC[C@@H]1CC2c3ccccc3C1c1ccccc12)c1cc([N+](=O)[O-])cc([N+](=O)[O-])c1,7.03
N#Cc1ccc(S(=O)(=O)S(=O)(=O)c2cc(C(=O)c3cccs3)cc(S(=O)O)c2)cc1,5.92
CC(=Cc1cc(C(=O)c2cc([N+](=O)[O-])cc([N+](=O)[O-])c2)cc([N+](=O)[O-])c1)[N+](=O)[O-],7.7
O=C1CC(=Cc2ccc([N+](=O)[O-])cc2)C(=O)N1c1cc(Sc2ccc([N+](=O)[O-])cc2Cl)ccc1[N+](=O)[O-],6.8
O=C1N(CC2CC2)[C@@H](c2ccccc2)C12CCN(S(=O)(=O)c1ccc(C=C([N+](=O)[O-])[N+](=O)[O-])cc1[N+](=O)[O-])CC2,6.78
C=C(Br)CN1C[C@H](c2nc3ccccc3n2CCOS(=O)(=O)c2ccc(C=C([N+](=O)[O-])[N+](=O)[O-])cc2)CC1=O,6.79
O=[N+]([O-])c1ccc(S(=O)(=O)c2ccc(N=Cc3cc(Br)cc([N+](=O)[O-])c3O)cc2[N+](=O)[O-])c([N+](=O)[O-])c1,7.57
C#Cc1ccc(-c2ccc(S(=O)(=O)Nc3ccc(Br)cc3[N+](=O)[O-])cc2)cc1,6.48
O=C(Nc1ccccc1NS(=O)(=O)c1ccc([N+](=O)[O-])cc1[N+](=O)[O-])c1cc2c(s1)-c1ccccc1OC2,6.39
CC(=Cc1cc(C(=O)Nc2cccc3c([N+](=O)[O-])cccc23)cc([N+](=O)[O-])c1)[N+](=O)[O-],7.25
O=[N+]([O-])C=Cc1cc([N+](=O)[O-])cc(S(=O)(=O)Nc2cc([N+](=O)[O-])cc([N+](=O)[O-])c2)c1,6.93
O=C1C(=CNc2ccc([N+](=O)[O-])cc2)S(=O)(=O)N(Cc2ccc(S(=O)(=O)Oc3ccc([N+](=O)[O-])cc3C=NO)cc2)c2ccsc21,6.69
O=[N+]([O-])c1cccc(P(=O)(Oc2ccc([N+](=O)[O-])cc2[N+](=O)[O-])c2cccc([N+](=O)[O-])c2)c1,8.12
Cc1ccc(C(=Nc2ccc(COC(=O)c3ccc([N+](=O)[O-])cc3Nc3cccc([N+](=O)[O-])c3)cc2)c2ccc(O)cc2O)cc1,5.01
Cc1cc(C=C[N+](=O)[O-])ccc1Nc1cc2ccccc2cc1Nc1c([N+](=O)[O-])cc(C(F)(F)F)cc1[N+](=O)[O-],5.8
O=C1CC(c2ccc(Nc3ccccc3[N+](=O)[O-])cc2)CC(=O)C1Sc1ccccc1[N+](=O)[O-],7.24
O=C(c1cc2ccccc2s1)N1CCc2cc(S(=O)(=O)c3ccc([N+](=O)[O-])cc3[N+](=O)[O-])ccc21,7.19
O=[N+]([O-])c1cccc(Oc2cc(NS(=O)(=O)c3ccc([N+](=O)[O-])cc3[N+](=O)[O-])ncn2)c1,6.28
O=C(c1cc([N+](=O)[O-])cc([N+](=O)[O-])c1)C1OC1c1cccc2c(C=C[N+](=O)[O-])cccc12,7.95
Cc1ccc(OS(=O)(=O)c2ccc(S(=O)(=O)Oc3ccccc3[N+](=O)[O-])cc2)c(NS(=O)(=O)c2ccccc2[N+](=O)[O-])c1,6.84
C#Cc1ccc(N=O)cc1C=CC(=O)N1CC(c2cc(NC(=O)c3ccc(Sc4ccc(Cl)cc4N)cc3)ncn2)C1,7.88
Cc1c(CC(=O)[N+](=O)[O-])c(=O)oc2cc(OS(=O)(=O)c3cc(C=C[N+](=O)[O-])cc(-c4cc(Br)c(N)c(Br)c4)c3)ccc12,8.71
CC(=NO)c1ccc(NC(=O)c2cc(C=Cc3cc([N+](=O)[O-])c([N+](=O)[O-])cc3[N+](=O)[O-])cc([N+](=O)[O-])c2)cc1,7.42
O=C1CC(=O)N(c2cccc([N+](=O)[O-])c2)N1c1cccc(C=C[N+](=O)[O-])c1,5.89
O=[N+]([O-])c1ccc(S(=O)(=O)N2CCC(n3ccnc3)CC2)c([N+](=O)[O-])c1,7.42
CC1(c2ccc(S(=O)(=O)Nc3c(Cl)cc([N+](=O)[O-])cc3Cl)cc2)C(C#N)C(=O)NC(=O)C1C#N,6.28
O=[N+]([O-])c1ccc(S(=O)(=O)Cc2ccc(OS(=O)(=O)c3cccc4cccnc34)cc2)c([N+](=O)[O-])c1,6.39
O=[N+]([O-])c1ccc(S(=O)(=O)Nc2ccc(S(=O)(=O)c3ccc([N+](=O)[O-])cc3[N+](=O)[O-])cc2)c([N+](=O)[O-])c1,8.11
CC(C)(C)c1ccc(SCCC(=O)Nc2cc(C=C[N+](=O)[O-])cc(C=C[N+](=O)[O-])c2)cc1,6.75
O=[N+]([O-])c1cc([N+](=O)[O-])c(Oc2c(Br)c(Br)c(Br)c(Br)c2Br)c([N+](=O)[O-])c1,7.08
O=[N+]([O-])c1ccc(P(c2ccccc2)c2cccc(P(c3ccccc3)c3ccc(Cl)cc3)c2)cc1,7.13
O=C(c1ccccc1[N+](=O)[O-])N1CC[C@H]2[C@H]1CCN2c1ncccn1,5.5
O=[N+]([O-])c1cc(Br)cc(-c2cc([N+](=O)[O-])c(O)c([N+](=O)[O-])c2)c1,6.07
O=[N+]([O-])c1ccc(S(=O)(=O)c2ccc(Cl)cc2[N+](=O)[O-])c([N+](=O)[O-])c1,7.01
Cc1ccc(C=Nc2ccc(C(=O)Nc3ccc(C(=O)Nc4ccc(Br)cc4)cc3)cc2)cc1,6.07
CC(=NO)c1cccc(C(Br)S(=O)(=O)c2cc(C=C[N+](=O)[O-])cc(C=C[N+](=O)[O-])c2)c1,6.74
CC(=O)Oc1cccc(C(C#N)C(C#N)c2cccc(C=C([N+](=O)[O-])[N+](=O)[O-])c2)c1,5.38
[O-][n+]1onc(-c2ccc(C(Nc3ccccc3)(c3ccccc3)c3ccc(-n4ccnn4)cc3)cc2)c1Br,7.71
N#Cc1ccc(C=C(C(=Cc2ccc(CC(=O)[N+](=O)[O-])cc2)[N+](=O)[O-])[N+](=O)[O-])cc1,6.26
CS(=O)(=O)N1C[C@@H](C(=O)Nc2n[nH]c(Cn3nnc4ccccc43)n2)Oc2ccccc21,6.38
O=[N+]([O-])c1cc(NS(=O)(=O)c2ccc([N+](=O)[O-])cc2[N+](=O)[O-])cc([N+](=O)[O-])c1,7.2
O=C1NC(=O)[C@@](c2cccnc2)(C2CCN(S(=O)(=O)c3ccc(C=C([N+](=O)[O-])[N+](=O)[O-])cc3[N+](=O)[O-])CC2)N1,7.39
N#Cc1ccccc1S(=O)(=O)Nc1cc(C=Cc2cccc([N+](=O)[O-])c2)cc(N=Nc2ccc(Br)cc2)c1,6.48
O=C(Oc1cc(Cl)c([N+](=O)[O-])cc1[N+](=O)[O-])c1cc(C=C[N+](=O)[O-])cc([N+](=O)[O-])c1,7.85
O=C(c1cc(C=C([N+](=O)[O-])[N+](=O)[O-])cc([N+](=O)[O-])c1)N1CCc2c(cc(S(=O)(=O)O)cc2[N+](=O)[O-])C1,6.77
CN(N=O)c1ccc(S(=O)(=O)C(c2ccc3ccccc3n2)S(=O)(=O)c2ccc(C#N)c([N+](=O)[O-])c2)cc1[N+](=O)[O-],6.97
O=[N+]([O-])c1ccc(S(=O)(=O)Nc2ccc(S(=O)(=O)Nc3cc(Cl)c([N+](=O)[O-])cc3[N+](=O)[O-])cc2)c([N+](=O)[O-])c1,7.34
O=[N+]([O-])c1ccccc1Cn1ccnc1Sc1ccccc1[N+](=O)[O-],6.13
C#Cc1ccc(S(=O)(=O)c2ccc(N=O)cc2[N+](=O)[O-])c([N+](=O)[O-])c1,7.01
O=Cc1cc(S(=O)(=O)c2ccc([N+](=O)[O-])cc2[N+](=O)[O-])ccc1-c1cccc(C=C[N+](=O)[O-])c1,7.31
O=[N+]([O-])c1cc(C=Cc2cc([N+](=O)[O-])c([N+](=O)[O-])cc2[N+](=O)[O-])cc([N+](=O)[O-])c1,7.82
CC1=CC(C)(C)N(C(=O)CON=Cc2cc(Br)cc([N+](=O)[O-])c2O)c2c1cccc2[N+](=O)[O-],6.52
O=C(Oc1ccccc1)N1CCc2ccc(S(=O)(=O)CC(=NO)c3ccc(C=C[N+](=O)[O-])cc3)cc2[C@@H]1c1cccc(Br)c1,6.04
O=C(c1ccccc1)N(Nc1c([N+](=O)[O-])cc(S(=O)(=O)O)cc1[N+](=O)[O-])c1ccc([SH](=O)=O)cc1,6.43
O=C(NS(=O)(=O)c1ccc([N+](=O)[O-])cc1[N+](=O)[O-])c1ccc(S(=O)(=O)OCCn2cnc3ccc([N+](=O)[O-])cc3c2=O)cc1,6.21
Cn1cc(C[C@H]2[C@@H](O[N+](=O)[O-])CCN2C(=O)c2ccccc2[N+](=O)[O-])cn1,5.86
O=C1c2ccccc2C(=O)N1c1cc(Cl)ccc1OS(=O)(=O)c1ccc(S(=O)(=O)c2ccc(C=C[N+](=O)[O-])cc2)cc1,5.93
CC(=Nc1ccccc1)c1ccc(C(=NOC(=O)c2cccc([N+](=O)[O-])c2)c2ccccc2)cc1,6.54
CC(=O)Nc1ccc([N+](=O)[O-])cc1NC(=O)C1C(c2ccccc2)=C1c1ccc([N+](=O)[O-])cc1,7.32
CC(=Cc1cc(C=C([N+](=O)[O-])[N+](=O)[O-])cc(C(=O)N[C@H]2C[C@H]3C(=O)N[C@@H](Cc4ccccc4)C(=O)N3C2)c1)[N+](=O)[O-],7.66
CC(=Cc1cc(C(=O)c2ccc(C=C([N+](=O)[O-])[N+](=O)[O-])cc2)cc([N+](=O)[O-])c1)[N+](=O)[O-],6.97
CN(N=O)c1ccc(S(=O)(=O)Oc2ccc(C=C[N+](=O)[O-])cc2C=NO)cc1[N+](=O)[O-],6.02
CC(C(=O)Nc1cc(C=C[N+](=O)[O-])cc([N+](=O)[O-])c1)C(=O)Nc1ccc([N+](=O)[O-])cc1[N+](=O)[O-],8.41
O=[N+]([O-])c1cc(Cl)ccc1S(=O)(=O)c1ccc(Cl)cc1[N+](=O)[O-],7.03
O=C1CCC2(CCN(S(=O)(=O)c3ccc(C=C[N+](=O)[O-])cc3[N+](=O)[O-])CC2)CN1,6.65
Cc1ccc([N+](=O)[O-])cc1S(=O)(=O)Oc1ccc(Nc2ccc3cc(S(=O)(=O)O)ccc3c2)cc1,7.04
Cc1ccc(S(=O)(=O)N(c2ccccc2)c2ccc(F)cc2)cc1,5.56
O=C(Nc1ccc2cc(S(=O)(=O)O)ccc2c1)c1cc(C=C[N+](=O)[O-])cc([N+](=O)[O-])c1,7.51
O=C(ON=Cc1ccccc1[N+](=O)[O-])c1ccc(NC(=Nc2ccc(Cl)cc2)c2ccc([N+](=O)[O-])c([N+](=O)[O-])c2)cc1,6.82
CC(=O)C1=C(C)N(CC(=O)Oc2cc(C=C[N+](=O)[O-])cc([N+](=O)[O-])c2)C(=O)C1=Cc1cccc([N+](=O)[O-])c1,6.32
O=C(Nc1ccccc1SSc1ccccc1Nc1ccc(Cl)cc1)c1cc(C=C([N+](=O)[O-])[N+](=O)[O-])cc([N+](=O)[O-])c1,5.82
O=C(NCc1cc([N+](=O)[O-])cc([N+](=O)[O-])c1)c1cc([N+](=O)[O-])ccc1Cl,6.73
O=C1CC(c2ccc(-c3ccccc3F)cc2)=C(c2ccc(S(=O)(=O)Nc3ccc(N=C=S)c4ccccc34)cc2)C1,7.99
O=[N+]([O-])C=Cc1cc([N+](=O)[O-])cc(S(=O)(=O)Oc2cc([N+](=O)[O-])cc([N+](=O)[O-])c2)c1,7.36
N#Cc1ccc(C=CC(=O)Nc2cc(C=CC(=O)c3ccc4ccccc4c3)cc(S(=O)O)c2)c(Cl)c1,6.79
CC(C)c1ccc(C(=Nc2ccc(Cl)cc2)c2cccc(C(=O)Nc3ccc([N+](=O)[O-])cc3Br)c2)c(O)c1,6.82
Cn1c(=O)c2c(SCCC(=O)Nc3ccc4c(c3)OCCCO4)ncnc2n(Cc2ccc(-c3cc[n+]([O-])cc3)cc2)c1=O,5.69
NS(=O)(=O)c1ccc(N=Cc2cc(Br)cc(Cl)c2O)cc1S(=O)(=O)Nc1ccc(Cl)cc1NS(=O)(=O)c1cccc([N+](=O)[O-])c1,5.93
CC(Br)C(=O)c1cc(C=NOC(=O)Nc2ccc(S(=O)(=O)Oc3c(Br)cc([N+](=O)[O-])cc3Br)cc2)cc(C(=O)n2cc(Br)cn2)c1,6.77
O=[N+]([O-])c1ccc(Sc2ccc(Br)cc2[N+](=O)[O-])c([N+](=O)[O-])c1,6.73
O=C(Oc1c(Br)cc([N+](=O)[O-])cc1Br)c1cc([N+](=O)[O-])cc([N+](=O)[O-])c1,6.68
O=[N+]([O-])c1cc([N+](=O)[O-])cc(S(=O)(=O)Nc2c(Cl)cc([N+](=O)[O-])cc2Cl)c1,6.94
O=[N+]([O-])c1ccc(NS(=O)(=O)c2ccc(S(=O)(=O)Oc3cccc4cccnc34)cc2)c([N+](=O)[O-])c1,6.73
O=[N+]([O-])c1ccc(S(=O)(=O)Oc2ccc(C=NOc3cc([N+](=O)[O-])cc([N+](=O)[O-])c3)cc2)cc1,7.4
O=C(Oc1ccc(S(=O)(=O)c2ccc(Cl)cc2[N+](=O)[O-])c([N+](=O)[O-])c1)c1cc([N+](=O)[O-])cc([N+](=O)[O-])c1,8.65
O=[N+]([O-])c1cc(C(F)(F)F)ccc1[C@H]1C=C(c2ccc(C=NOc3cc(Br)c(O)c([N+](=O)[O-])c3)cc2)Nc2ncnn21,7.31
Cc1ccc(P(=O)(CC(=O)N(Cc2ccccc2)c2c(N)n(Cc3ccccc3)c(=O)[nH]c2=O)c2ccc(OS(=O)(=O)O)cc2)cc1,4.83
CC1(c2ccc(S(=O)(=O)c3c([N+](=O)[O-])cccc3[N+](=O)[O-])cc2)C(C#N)C(=O)NC(=O)C1C#N,7.05
O=C(c1ccc(S(=O)(=O)Oc2cc([N+](=O)[O-])cc([N+](=O)[O-])c2)cc1)c1cc(Cl)c(Cl)cc1Cl,6.98
O=[N+]([O-])c1cc([N+](=O)[O-])c(C=Nc2ccc(I)c([N+](=O)[O-])c2)cc1Cl,6.76
O=C(CS(=O)(=O)c1ccc2ccccc2c1)N(Cc1ccccc1)c1nc2c([N+](=O)[O-])ccc([N+](=O)[O-])c2s1,6.27
O=[N+]([O-])C=Cc1cccc(P(=O)(Oc2ccccc2C=C([N+](=O)[O-])[N+](=O)[O-])c2cccc(C=C[N+](=O)[O-])c2)c1,6.06
C=CC(O)c1ccc([N+](=O)[O-])c(Sc2nc3ccc(NS(=O)(=O)c4cc([N+](=O)[O-])ccc4Cl)cc3s2)c1,6.64
COc1ccc(C=Cc2cc(C=NO)cc(NS(=O)(=O)c3cc([N+](=O)[O-])ccc3[N+](=O)[O-])c2)c([N+](=O)[O-])c1[N+](=O)[O-],6.34
COC(=O)c1cc(C(=O)Nc2ccc(Br)cc2C(=O)C=Cc2ccc([N+](=O)[O-])cc2[N+](=O)[O-])cc([N+](=O)[O-])c1,7.44
O=C(Oc1cccc2ccccc12)[C@H]1CC(=O)N(c2cccc(C=C([N+](=O)[O-])[N+](=O)[O-])c2)C1,6.8
O=C(c1cccc([N+](=O)[O-])c1)C1C(c2ccc(S(=O)(=O)Cl)cc2)C1[N+](=O)[O-],5.6
O=[N+]([O-])c1ccc(S(=O)(=O)Nc2ccccc2Sc2ccc(Cl)cc2[N+](=O)[O-])c([N+](=O)[O-])c1,7.06
O=[N+]([O-])c1cccc(S(=O)(=O)Oc2ccccc2-c2ccccc2NS(=O)(=O)c2ccc([N+](=O)[O-])cc2[N+](=O)[O-])c1,6.74
Cc1ccc(C(=O)Cn2nnc(-c3ccccc3NC(=O)c3cc(C=C[N+](=O)[O-])cc([N+](=O)[O-])c3)n2)cc1[N+](=O)[O-],6.43
O=C(Nc1ccc(C=Cc2ccc([N+](=O)[O-])cc2S(=O)(=O)O)c(S(=O)(=O)O)c1)c1cc(Cl)ccc1[N+](=O)[O-],6.36
CC(=Cc1cc(C=C([N+](=O)[O-])[N+](=O)[O-])cc(C(=O)Oc2ccccc2/C=C2\NC(=S)N(C3CCCCC3)C2=O)c1)[N+](=O)[O-],7.15
O=C(c1cc([N+](=O)[O-])cc([N+](=O)[O-])c1)c1cc(C=C[N+](=O)[O-])cc(S(=O)(=O)Nc2ccc([N+](=O)[O-])cc2[N+](=O)[O-])c1,6.14
O=C1NC(=O)N(CO[N+](=O)[O-])C(=O)/C1=C/c1ccc(Br)c([N+](=O)[O-])c1,6.61
O=C1c2ccccc2C(=O)N1Cc1ccc(/C=C2/C(=O)N(S(=O)(=O)c3ccc(C=C[N+](=O)[O-])cc3)c3ccccc32)o1,6.72
N#Cc1ccc([N+](=O)[O-])c(S(=O)(=O)Nc2c(Cl)cc(C=C[N+](=O)[O-])cc2Cl)c1,6.14
C=C(C#N)c1ccc(S(=O)(=O)C(Cl)=Cc2ccc(C=NOC(=O)c3cc([N+](=O)[O-])cc([N+](=O)[O-])c3)cc2)cc1,5.89
Cc1ccc(S(=O)(=O)N=Cc2ccc(C=NOC(=O)c3cc([N+](=O)[O-])cc([N+](=O)[O-])c3)cc2)cc1[N+](=O)[O-],6.92
O=[N+]([O-])c1cccc(S(=O)(=O)N(c2ccc([SH](=O)=O)cc2)S(=O)(=O)c2ccc(Cl)c([N+](=O)[O-])c2)c1,6.98
O=[N+]([O-])c1cc(Br)ccc1NS(=O)(=O)c1ccc(Nc2cccc(Cl)c2)c(NS(=O)(=O)c2ccc(Br)cc2)c1,6.82
O=C(Nc1c(F)cc(F)cc1F)c1cc(Oc2ccc([N+](=O)[O-])cc2)cc(S(=O)(=O)c2ccc(F)cc2[N+](=O)[O-])c1,7.31
Cn1nc(-c2cccc(C=C[N+](=O)[O-])c2)c2c1C[C@H](C(=O)O)CC2=NO,6.46
O=[N+]([O-])c1cc(C=Cc2ccc([N+](=O)[O-])cc2[N+](=O)[O-])cc([N+](=O)[O-])c1,7.25
N#CC(c1cccc([N+](=O)[O-])c1)C(C#N)c1cccc(S(=O)(=O)Nc2cc([N+](=O)[O-])ccc2Cl)c1,6.46
CC(=Cc1cc(C(=O)Nc2ccc(C(=O)Nc3cc(Cl)ccc3[N+](=O)[O-])cc2)cc([N+](=O)[O-])c1)[N+](=O)[O-],6.52
CC(=Cc1cc(C=C[N+](=O)[O-])cc(NC(=O)Cn2ccn3nc(-c4ccc(Cc5ccc(O)cc5)cc4)cc3c2=O)c1)[N+](=O)[O-],6.3
O=C(c1cc(C=C([N+](=O)[O-])[N+](=O)[O-])cc([N+](=O)[O-])c1)N1CCCN(c2cc(-c3ccc(NS(=O)c4cccc(Cl)c4)cc3)n[nH]2)CC1,7.23
O=C(C=Cc1ccc([N+](=O)[O-])cc1[N+](=O)[O-])c1cc(C=C[N+](=O)[O-])cc(C=C([N+](=O)[O-])[N+](=O)[O-])c1,7.28
CC(C)(C)c1cc([N+](=O)[O-])c(C=Cc2ccc(Nc3ccccc3-c3ccccc3)cc2[N+](=O)[O-])cc1[N+](=O)[O-],7.62
Cc1cc([N+](=O)[O-])c(S(=O)(=O)c2ccc(S(=O)(=O)N3CC[C@@H](c4cccs4)S(=O)(=O)CC3)cc2)c([N+](=O)[O-])c1,7.63
O=C(Cn1c(=O)n(Cc2ccccc2)c(=O)c2ccccc21)c1ccc([N+](=O)[O-])c([N+](=O)[O-])c1,6.52
O=[N+]([O-])c1ccc(-c2ccc(S(=O)(=O)c3c(S(=O)(=O)c4ccc5ccccc5c4)no[n+]3[O-])cc2)cc1,7.49
O=c1[nH]c2cc([N+](=O)[O-])ccc2cc1CN(C(=S)Nc1cccc(C=C[N+](=O)[O-])c1)C1CCCC1,6.41
O=[N+]([O-])c1ccc(S(=O)(=O)Nc2ccc(-c3ccc(Br)cc3)cc2)c([N+](=O)[O-])c1,7.08
O=C(O)c1ccc(Sc2ccc(S(=O)(=O)Oc3ccc([N+](=O)[O-])cc3[N+](=O)[O-])cc2)c([N+](=O)[O-])c1,6.71
CC(=Cc1ccc(S(N)(=O)=O)c(S(=O)(=O)NC(=O)c2sc3ccccc3c2[C@H]2CCN(C(=O)Cl)C2)c1)[N+](=O)[O-],6.86
O=C(Nc1nnc(S(=O)(=O)NC(=S)c2ccc(C=NOc3cc([N+](=O)[O-])cc([N+](=O)[O-])c3)cc2)s1)c1cc([N+](=O)[O-])ccc1Cl,6.63
O=C(Nc1cccc(C=C([N+](=O)[O-])[N+](=O)[O-])c1)N1c2ccccc2Sc2ccccc21,6.91
Cc1ccc(S(=O)(=O)c2ccc([N+](=O)[O-])cc2[N+](=O)[O-])c([N+](=O)[O-])c1,7.19
Cc1ccc(S(=O)(=O)c2ccc(S(=O)(=O)Oc3ccc4ccc(S(=O)O)cc4c3)cc2)c([N+](=O)[O-])c1,7.73
O=[N+]([O-])c1ccc(S(=O)(=O)Nc2ccc(Br)cc2[N+](=O)[O-])c([N+](=O)[O-])c1,6.56
O=C(c1ccccc1)C1OC1c1ccc(S(=O)(=O)Nc2ccccc2NS(=O)(=O)c2ccc(C=C[N+](=O)[O-])cc2[N+](=O)[O-])cc1,7.07
O=C(c1cccc(-n2ncc3c2ncn2nc(-c4ccc(C=C([N+](=O)[O-])[N+](=O)[O-])cc4)nc32)c1)C1CC1,7.22
CC(=Cc1cc(C=Cc2ccc([N+](=O)[O-])cc2[N+](=O)[O-])cc(S(=O)(=O)Nc2cc(F)cc(F)c2)c1)[N+](=O)[O-],7.01
C=C(C#N)c1ccc(P(=O)(c2ccc(Cl)cc2)C(CC(=O)c2c([N+](=O)[O-])cc([N+](=O)[O-])c(C(=O)c3ccccc3)c2I)C(=O)O)cc1,6.25
O=c1oc2ccc([N+](=O)[O-])cc2cc1[N+](=O)[O-],6.07
O=c1/c(=C\c2ccc(-c3ccc(C=C([N+](=O)[O-])[N+](=O)[O-])cc3[N+](=O)[O-])o2)sc2nc(-c3ccco3)nn12,7.03
CC(=O)N(O)c1cccc2c(OS(=O)(=O)c3ccc(C=C[N+](=O)[O-])cc3[N+](=O)[O-])cccc12,6.35
O=C1NC(=O)C2(CCN(C(=O)c3cc(C=Cc4ccc([N+](=O)[O-])cc4[N+](=O)[O-])cc([N+](=O)[O-])c3)CC2)N1,6.33
O=[N+]([O-])c1cc([N+](=O)[O-])c(Nc2ccc(S(=O)(=O)Oc3ccccc3[N+](=O)[O-])cc2)cc1Cl,7.39
CC(=Cc1ccc(C#N)c(S(=O)(=O)NC(=O)c2ccc(S(=O)(=O)N=Cc3ccc([N+](=O)[O-])cc3)cc2)c1)[N+](=O)[O-],6.92
CC(=O)ON(c1cccc(C=Cc2ccc(C(=O)ON=Cc3ccc(F)cc3F)cc2)c1)S(=O)(=O)c1ccccc1[N+](=O)[O-],5.93
O=C(Nc1ccc([N+](=O)[O-])cc1[N+](=O)[O-])c1nnc(C(=O)N2CCC(OS(=O)(=O)c3ccc(C=C[N+](=O)[O-])cc3)CC2)s1,7.98
O=C1OC(c2ccc([N+](=O)[O-])cc2)=NC1=Cc1cccc2c(S(=O)(=O)O)cccc12,6.17
O=C(C[C@@H]1CSc2nc3c(c(=O)n21)CCCC3)Nc1cc([N+](=O)[O-])cc([N+](=O)[O-])c1,7.11
O=[N+]([O-])c1cccc(S(=O)(=O)Oc2ccccc2OS(=O)(=O)c2ccc([N+](=O)[O-])cc2[N+](=O)[O-])c1,6.97
CC(=Cc1cc([N+](=O)[O-])cc(S(=O)(=O)Nc2cc([N+](=O)[O-])ccc2[N+](=O)[O-])c1)[N+](=O)[O-],7.49
O=C1CC(c2ccc(C(=O)c3cc([N+](=O)[O-])cc([N+](=O)[O-])c3)cc2)=C(c2ccc(C(=O)c3ccc(Cl)c(Cl)c3)cc2)C1,8.72
O=c1[nH]c2ccccc2c(=O)n1CCCOc1ccc(C=Cc2cc(C=C([N+](=O)[O-])[N+](=O)[O-])cc([N+](=O)[O-])c2)cc1,6.19
O=[N+]([O-])c1ccc(C=CS(=O)(=O)c2cccc(S(=O)(=O)Nc3cc([N+](=O)[O-])c(Cl)cc3[N+](=O)[O-])c2)c(Cl)c1,6.6
CC(CS(=O)(=O)c1ccc(S(=O)(=O)N=Cc2cc(C=C[N+](=O)[O-])cc([N+](=O)[O-])c2)cc1)=NO,7.55
O=C(NS(=O)(=O)c1cc([N+](=O)[O-])ccc1[N+](=O)[O-])c1nc2ccccc2c(=O)[nH]1,6.49
CS(=O)c1ccc(C2=CC(=NNc3ccc([N+](=O)[O-])cc3[N+](=O)[O-])C(=O)O2)cc1,7.12
N=C(NOS(=O)(=O)c1ccc2ccccc2c1)c1ccc(CC(=O)Nc2cc([N+](=O)[O-])cc([N+](=O)[O-])c2)cc1,6.79
O=[N+]([O-])c1ccc(Cl)c(S(=O)(=O)Nc2ccccc2OS(=O)(=O)c2ccc(Cl)c([N+](=O)[O-])c2)c1,6.04
O=C(O)c1ccc([N+](=O)[O-])c(S(=O)(=O)Nc2ccc(S(=O)(=O)c3ccc(F)cc3[N+](=O)[O-])cc2)c1,6.12
Cc1cc([N+](=O)[O-])c(S(=O)(=O)c2ccc(S(=O)(=O)S(=O)(=O)c3ccc([N+](=O)[O-])cc3)cc2)c([N+](=O)[O-])c1,7.03
C=CCc1ccc(S(=O)(=O)c2ccc(C=C[N+](=O)[O-])cc2[N+](=O)[O-])cc1[N+](=O)[O-],7.61
O=C(C=Cc1ccc(Nc2ccc([N+](=O)[O-])cc2)c(S(=O)(=O)O)c1)c1ccc([N+](=O)[O-])cc1,6.91
O=C(C=Cc1ccc([N+](=O)[O-])cc1[N+](=O)[O-])c1cc([N+](=O)[O-])cc([N+](=O)[O-])c1,8.87
CC(=O)c1ccc(C=Cc2cc([N+](=O)[O-])cc([N+](=O)[O-])c2)cc1[N+](=O)[O-],6.94
Cc1onc(CSc2ccc(S(=O)(=O)O)cc2[N+](=O)[O-])c1-c1nn2c(-c3ccsc3)nnc2s1,5.66
CC(c1cccc([N+](=O)[O-])c1)c1ccc2c(c1)CN(C(=O)c1cc([N+](=O)[O-])cc([N+](=O)[O-])c1)CC2,6.99
O=C(O)c1cc([N+](=O)[O-])ccc1SSc1ccc([N+](=O)[O-])cc1[N+](=O)[O-],5.87
Cc1nc2ccc(OS(C)(=O)=O)cc2c(=O)n1CC(=O)NCC(=O)Oc1cc([N+](=O)[O-])cc([N+](=O)[O-])c1,7.02
CC(=Cc1cc(C(=O)c2ccc(C=C[N+](=O)[O-])cc2Cl)cc([N+](=O)[O-])c1)[N+](=O)[O-],7.18
CC(=O)c1cc([N+](=O)[O-])c(P(=O)(O)c2cc(C(Cl)(Cl)Cl)ccc2[N+](=O)[O-])cc1Cl,6.16
O=[N+]([O-])c1cc([N+](=O)[O-])c(S(=O)(=O)O)c([N+](=O)[O-])c1,4.98
O=C(c1ccccc1)c1ccc(OS(=O)(=O)c2cc([N+](=O)[O-])ccc2[N+](=O)[O-])cc1,6.65
O=[N+]([O-])C(=Cc1ccc(S(=O)C[C@]2(O)CCN(c3ncccn3)C2)cc1)[N+](=O)[O-],6.12
O=[N+]([O-])c1ccc(S(=O)(=O)c2ccc(Cl)cc2[N+](=O)[O-])c([N+](=O)[O-])c1,7.36
CC(=NO)C(=O)c1ccc(C(=O)Nc2ccc([N+](=O)[O-])cc2Cl)c([N+](=O)[O-])c1,5.93
CC(=C(c1ccccc1)c1cccc([N+](=O)[O-])c1)c1ccc(C=C([N+](=O)[O-])[N+](=O)[O-])cc1,6.1
C=CCN(c1ccccc1OS(=O)(=O)c1ccc(Br)cc1)S(=O)(=O)c1ccc([N+](=O)[O-])cc1[N+](=O)[O-],6.02
O=C(c1cc([N+](=O)[O-])cc([N+](=O)[O-])c1)N1CC[C@@H](c2cc(CCS(=O)(=O)c3ccc(C(=O)n4ccc([N+](=O)[O-])n4)cc3)[nH]n2)C1,6.52
O=C(C(=O)c1cc([N+](=O)[O-])cc([N+](=O)[O-])c1)c1cc([N+](=O)[O-])cc([N+](=O)[O-])c1,8.72
O=c1c2oc3ccccc3c2n(Cc2ccccc2)c(=O)n1CCCO[N+](=O)[O-],5.81
CS(=O)(=O)Oc1ccc2ccc(OC(=O)c3cc([N+](=O)[O-])cc([N+](=O)[O-])c3)cc2c1,7.19
O=[N+]([O-])c1cc(S(=O)(=O)Oc2ccc(S(=O)(=O)c3ccc(S(=O)(=O)c4ccc(C(O)=S)cc4)nn3)cc2)ccc1Cl,6.31
O=C(CC(=O)Nc1ccc([N+](=O)[O-])cc1[N+](=O)[O-])Nc1cccc([N+](=O)[O-])c1,6.63
Cc1cc(-c2cc(C=Cc3cc([N+](=O)[O-])cc([N+](=O)[O-])c3)cc(OC(=O)Nc3ccccc3)c2)cc(C)c1N,6.43
O=C(c1ccc(C(=O)c2ccccc2NS(=O)(=O)c2ccc([N+](=O)[O-])cc2)cc1)c1ccc([N+](=O)[O-])cc1,7.97
CC(O)c1ccc(S(=O)(=O)Nc2c([N+](=O)[O-])cc(C(=O)C(Cl)Cl)cc2[N+](=O)[O-])cc1[N+](=O)[O-],5.8
O=C(NCc1nc(-c2ncccn2)no1)c1cc([N+](=O)[O-])cc([N+](=O)[O-])c1,6.17
O=C(c1cc([N+](=O)[O-])cc([N+](=O)[O-])c1)C1C(c2ccccc2)C1[N+](=O)[O-],6.82
O=[N+]([O-])c1ccc(C(c2ccc([N+](=O)[O-])cc2)C(Cl)(Cl)Cl)cc1,7.15
O=[N+]([O-])c1ccc(S(=O)(=O)c2ccc(Cl)cc2[N+](=O)[O-])c([N+](=O)[O-])c1,6.86
O=C(Oc1c(Br)cc([N+](=O)[O-])cc1Br)c1ccc(S(=O)(=O)S(=O)(=O)c2ccc([N+](=O)[O-])cc2)cc1,6.13
CC(=Cc1ccc(-c2ccc(-c3cc([N+](=O)[O-])c(-c4ccc(Cl)cc4)cc3O)cc2)cc1)S(=O)(=O)c1ccccc1,6.51
Cc1ccc(C(=O)c2ccc(C=NOC(=O)c3cnn4c(C(F)(F)F)cc(-c5cccs5)nc34)cc2)cc1C(=O)O,4.47
CC(=O)c1ccc([N+](=O)[O-])c(P(=O)(O)c2cc(CC(=O)[N+](=O)[O-])ccc2[N+](=O)[O-])c1,6.9
O=c1c2ccccc2ncn1-c1cccc(S(=O)(=O)Oc2cc([N+](=O)[O-])cc([N+](=O)[O-])c2)c1,6.91
O=C(Cn1nc(-c2ccccc2)c2ccccc2c1=O)c1ccc([N+](=O)[O-])c([N+](=O)[O-])c1,7.2
CC(=Cc1cc([N+](=O)[O-])cc(S(=O)(=O)Oc2ccc3nc(-c4ccco4)c(-c4ccco4)nc3c2)c1)[N+](=O)[O-],6.87
CC(=NO)c1cc(C(c2cccc([N+](=O)[O-])c2)c2cccc([N+](=O)[O-])c2)ccc1O,6.65
Cc1nc2c(c(=O)n1Cc1ccccc1)c1nc3ccccc3nc1n2CCc1ccc(C=C([N+](=O)[O-])[N+](=O)[O-])cc1,6.55
CC(=Cc1cc(C(=O)N[C@H]2C[C@@H]3C(=O)N[C@@H](CS(=O)(=O)O)C(=O)N3C2)cc([N+](=O)[O-])c1)[N+](=O)[O-],7.18
CC(=O)N(N=O)c1ccc(C=C(C(=Cc2ccc(Cl)cc2)[N+](=O)[O-])[N+](=O)[O-])cc1,6.65
Cc1cc(-c2cc(C=C[N+](=O)[O-])cc(C(=O)NS(=O)(=O)c3cc([N+](=O)[O-])ccc3Cl)c2)cc([N+](=O)[O-])c1C(=O)O,7.82
CC1(C)S[C@@H]2c3ccccc3C(=O)N2[C@H]1C(=O)N=c1[nH]c2ccccc2[nH]1,6.61
O=[N+]([O-])c1ccccc1-c1nnc(Cc2c([N+](=O)[O-])cccc2[N+](=O)[O-])o1,6.6
O=[N+]([O-])c1ccc(S(=O)(=O)c2ccc(Br)cc2[N+](=O)[O-])c([N+](=O)[O-])c1,7.21
O=C(c1ccc(C(O)(c2ccccc2)C(Cl)(Cl)Cl)cc1)c1cc([N+](=O)[O-])cc([N+](=O)[O-])c1,6.76
O=C(Nc1ccc([N+](=O)[O-])cc1Br)c1ccc(OS(=O)(=O)c2ccc(C=C([N+](=O)[O-])[N+](=O)[O-])cc2)cc1,6.91
CC(C)c1cc(S(=O)(=O)O)c2cc(S(=O)(=O)c3ccc(C=C[N+](=O)[O-])cc3[N+](=O)[O-])ccc2n1,8.0
O=[N+]([O-])C=Cc1ccc([N+]([O-])=C(c2ccccc2)c2ccc(S(=O)(=O)S(=O)(=O)c3ccc(Cl)cc3)cc2)cc1,6.66
CC(=O)Nc1cc(ON=C(c2ccccc2)c2ccc(C=[N+]([O-])c3ccc(Br)cc3)cc2)cc([N+](=O)[O-])c1,8.08
O=C1NC2(CCC(S(=O)(=O)O)CC2)C(=O)N1Cc1cc(=O)n2ccc([N+](=O)[O-])cc2n1,6.43
C[C@@H](Cc1cccnc1)n1cnc2c([N+](=O)[O-])cccc2c1=O,5.54
C[C@@H]1Cc2cc([N+](=O)[O-])c(COc3cccc(C(=O)c4ccc(Cl)c(Cl)c4)c3)c(O)c2C1=O,5.68
O=[N+]([O-])c1cccc(S(=O)(=O)Oc2cccc3c(OS(=O)(=O)c4cccc5cccnc45)cccc23)c1,7.51
O=C(C=Cc1ccc(-c2ccc(C(=O)Cl)o2)cc1[N+](=O)[O-])C=Cc1ccc(I(=O)=O)cc1[N+](=O)[O-],0.0
CC=CC(=O)Oc1ccc(S(=O)(=O)c2ccc([N+](=O)[O-])cc2[N+](=O)[O-])c([N+](=O)[O-])c1,7.22
O=[N+]([O-])c1ccc(C=Cc2ccc(Nc3cccc(Br)c3)c(Br)c2)c(S(=O)(=O)O)c1,6.48
O=Nc1ccc(N(C(=O)Nc2cccc(S(=O)(=O)F)c2)c2ccc(N(O)N=O)cc2)cc1,6.65
CC(=O)n1cc(C=C2C(=O)N(c3ccccc3)C(=S)N(c3ccccc3)C2=O)c2ccccc21,6.26
Cc1nn2c(N[C@@H](Cn3ccnc3)c3ccccc3)cc(Cl)nc2c1C,5.47
O=C1C[C@H](c2nc3ccccc3n2CCOS(=O)(=O)c2cc([N+](=O)[O-])c(Cl)cc2[N+](=O)[O-])c2c[nH]nc2N1,6.8
O=C(Nc1ccc([N+](=O)[O-])cc1[N+](=O)[O-])c1cc([N+](=O)[O-])cc([N+](=O)[O-])c1,7.22
CC(Cl)C(=O)c1cc(O)c(C(=Nc2ccccc2)c2ccc([N+](=O)[O-])cc2[N+](=O)[O-])c(O)c1,5.77
O=C(Cn1ccc(=O)c2cc([N+](=O)[O-])ccc21)Nc1cc(C=C[N+](=O)[O-])cc(C=C([N+](=O)[O-])[N+](=O)[O-])c1,7.9
O=[N+]([O-])C=Cc1cc(C=C([N+](=O)[O-])[N+](=O)[O-])cc(S(=O)(=O)Nc2ccc([N+](=O)[O-])cc2[N+](=O)[O-])c1,7.93
O=C(Nc1ccc([N+](=O)[O-])cc1O)c1cc([N+](=O)[O-])cc(S(=O)(=O)Nc2cc([N+](=O)[O-])cc([N+](=O)[O-])c2)c1,6.27
O=[N+]([O-])c1cc(Br)cc(-c2cc(Br)cc(Br)c2)c1,6.28
O=[N+]([O-])C(=Cc1ccccc1OC1=NS(=O)(=O)c2ccccc21)[N+](=O)[O-],8.09
O=C(c1ccc(-c2ccc(Cl)cc2)cc1)c1ccc([N+](=O)[O-])c([N+](=O)[O-])c1,6.48
CCC(=C(c1ccccc1)c1cccc(C=C[N+](=O)[O-])c1)c1ccc([N+](=O)[O-])cc1,6.18
CC(=Cc1cc(C=C[N+](=O)[O-])cc(C(=O)Oc2ccc([N+](=O)[O-])cc2[N+](=O)[O-])c1)[N+](=O)[O-],7.77
O=[N+]([O-])c1ccc(Sc2cc([N+](=O)[O-])c(Cl)cc2[N+](=O)[O-])c([N+](=O)[O-])c1,7.34
O=C(c1cc(NSc2ccc([N+](=O)[O-])cc2[N+](=O)[O-])cc([N+](=O)[O-])c1)N1CCC[C@@H](c2cccc(CSc3ccc([N+](=O)[O-])cc3Cl)n2)C1,7.44
Cc1ccc(Nc2ccc(C(=C[N+](=O)[O-])c3cc(C=NO)cc(C=C([N+](=O)[O-])[N+](=O)[O-])c3)cc2S(=O)(=O)O)cc1,7.37
c1ccc(P(c2ccccc2)c2cccc(P(c3ccccc3)c3ccccc3)c2)cc1,6.14
CCN(c1cccc(C(=O)C(Cl)Cl)c1)S(=O)(=O)c1ccc([N+](=O)[O-])cc1[N+](=O)[O-],6.19
O=[N+]([O-])c1ccc(OS(=O)(=O)c2ccc3ccccc3c2)c(OS(=O)(=O)c2ccc([N+](=O)[O-])cc2[N+](=O)[O-])c1,6.68
C[C@H](Sc1nc2sc3c(c2c(=O)n1C)CCCC3)C(=O)Nc1cc(C=C[N+](=O)[O-])ccc1[N+](=O)[O-],6.78
CC(=Cc1cc(C=C([N+](=O)[O-])[N+](=O)[O-])cc(C(=O)N2CCc3nc4ccc([N+](=O)[O-])cn4c(=O)c3C2)c1)[N+](=O)[O-],9.83
C=CCON=Cc1cc(C(=O)Cl)cc(C=Cc2cccc([N+](=O)[O-])c2)c1O,4.57
